adapter,vf_merge_level,elapsed_s,returncode,timed_out,pass_observed,pass_attempts,affected,affected_attempts,changed_diff_lines_max,vector_functions_before_max,vector_functions_after_max,before_sha256,after_sha256,ub_reported_bits,ub_bits,ub_bytes,ub_kib,ub_line_observed,diagnostic
ascend_tutorial_01-vector-add.ttadapter,0,0.06065,1,False,False,0,False,0,0,0,0,,,65536,65536,8192,8.0,True,[ERROR] Failed to run BiShengIR regbase pipeline
ascend_tutorial_01-vector-add.ttadapter,1,0.062075,1,False,True,1,False,0,0,0,0,84ceab258f568ecb023a1b1ab60acb7a1c304b7bc0628f4eca92b063cb91d2d1,84ceab258f568ecb023a1b1ab60acb7a1c304b7bc0628f4eca92b063cb91d2d1,65536,65536,8192,8.0,True,[ERROR] Failed to run BiShengIR regbase pipeline
ascend_tutorial_01-vector-add.ttadapter,2,0.061901,1,False,True,1,False,0,0,0,0,84ceab258f568ecb023a1b1ab60acb7a1c304b7bc0628f4eca92b063cb91d2d1,84ceab258f568ecb023a1b1ab60acb7a1c304b7bc0628f4eca92b063cb91d2d1,65536,65536,8192,8.0,True,[ERROR] Failed to run BiShengIR regbase pipeline
ascend_tutorial_02-fused-softmax.ttadapter,0,0.084043,1,False,False,0,False,0,0,0,0,,,49664,49664,6208,6.0625,True,[ERROR] Failed to run BiShengIR regbase pipeline
ascend_tutorial_02-fused-softmax.ttadapter,1,0.091038,1,False,True,1,False,0,0,0,0,84ceab258f568ecb023a1b1ab60acb7a1c304b7bc0628f4eca92b063cb91d2d1,84ceab258f568ecb023a1b1ab60acb7a1c304b7bc0628f4eca92b063cb91d2d1,49664,49664,6208,6.0625,True,[ERROR] Failed to run BiShengIR regbase pipeline
ascend_tutorial_02-fused-softmax.ttadapter,2,0.066618,1,False,False,0,False,0,0,0,0,,,,,,,False,"loc(""/tmp/02-fused-softmax.yevozn.py"":53:0): error: Failed to run buildFinalHIVMPipelines pipeline | loc(callsite(callsite(""input""(""/home/yuanye/AscendNPU-IR/.venv/lib/python3.9/site-packages/triton/language/standard.py"":188:33) at ""row_minus_max""(""/tmp/02-fused-softmax.yevozn.py"":69:37)) at callsite(""/home/yuanye/AscendNPU-IR/.venv/lib/python3.9/site-packages/triton/language/standard.py"":197:44 at ""row_minus_max""(""/tmp/02-fused-softmax.yevozn.py"":69:37)))): error: operand #5 does not dominate this use | [ERROR] Failed to run BiShengIR regbase pipeline"
ascend_tutorial_03-matrix-multiplication.ttadapter,0,0.079426,1,False,False,0,False,0,0,0,0,,,163840,163840,20480,20.0,True,[ERROR] Failed to run BiShengIR regbase pipeline
ascend_tutorial_03-matrix-multiplication.ttadapter,1,0.115235,1,False,True,1,False,0,0,0,0,8f9ee44e9b7697dd96aae389abb1604ddb40c4ec28f5c3bb33a3f77ea3e96464,8f9ee44e9b7697dd96aae389abb1604ddb40c4ec28f5c3bb33a3f77ea3e96464,163840,163840,20480,20.0,True,[ERROR] Failed to run BiShengIR regbase pipeline
ascend_tutorial_03-matrix-multiplication.ttadapter,2,0.099463,1,False,True,1,False,0,0,0,0,8f9ee44e9b7697dd96aae389abb1604ddb40c4ec28f5c3bb33a3f77ea3e96464,8f9ee44e9b7697dd96aae389abb1604ddb40c4ec28f5c3bb33a3f77ea3e96464,163840,163840,20480,20.0,True,[ERROR] Failed to run BiShengIR regbase pipeline
ascend_tutorial_04-low-memory-dropout.ttadapter,0,0.057094,1,False,False,0,False,0,0,0,0,,,65792,65792,8224,8.03125,True,[ERROR] Failed to run BiShengIR regbase pipeline
ascend_tutorial_04-low-memory-dropout.ttadapter,1,0.071509,1,False,True,1,False,0,0,0,0,84ceab258f568ecb023a1b1ab60acb7a1c304b7bc0628f4eca92b063cb91d2d1,84ceab258f568ecb023a1b1ab60acb7a1c304b7bc0628f4eca92b063cb91d2d1,65792,65792,8224,8.03125,True,[ERROR] Failed to run BiShengIR regbase pipeline
ascend_tutorial_04-low-memory-dropout.ttadapter,2,0.075346,1,False,True,1,False,0,0,0,0,84ceab258f568ecb023a1b1ab60acb7a1c304b7bc0628f4eca92b063cb91d2d1,84ceab258f568ecb023a1b1ab60acb7a1c304b7bc0628f4eca92b063cb91d2d1,65792,65792,8224,8.03125,True,[ERROR] Failed to run BiShengIR regbase pipeline
ascend_tutorial_05-layer-norm.ttadapter,0,0.135424,1,False,False,0,False,0,0,0,0,,,34304,34304,4288,4.1875,True,[ERROR] Failed to run BiShengIR regbase pipeline
ascend_tutorial_05-layer-norm.ttadapter,1,0.163738,1,False,True,1,False,0,0,0,0,84ceab258f568ecb023a1b1ab60acb7a1c304b7bc0628f4eca92b063cb91d2d1,84ceab258f568ecb023a1b1ab60acb7a1c304b7bc0628f4eca92b063cb91d2d1,34304,34304,4288,4.1875,True,[ERROR] Failed to run BiShengIR regbase pipeline
ascend_tutorial_05-layer-norm.ttadapter,2,0.168728,1,False,True,1,False,0,0,0,0,84ceab258f568ecb023a1b1ab60acb7a1c304b7bc0628f4eca92b063cb91d2d1,84ceab258f568ecb023a1b1ab60acb7a1c304b7bc0628f4eca92b063cb91d2d1,34304,34304,4288,4.1875,True,[ERROR] Failed to run BiShengIR regbase pipeline
ascend_tutorial_06-fused-attention.ttadapter,0,0.202584,1,False,False,0,False,0,0,0,0,,,699392,699392,87424,85.375,True,[ERROR] Failed to run BiShengIR regbase pipeline
ascend_tutorial_06-fused-attention.ttadapter,1,0.246016,1,False,True,1,False,0,0,0,0,75786cb3f9e2ec5e3f8b18a5b7a4f90726cf39ff74194108b8238f2414c914b5,75786cb3f9e2ec5e3f8b18a5b7a4f90726cf39ff74194108b8238f2414c914b5,699392,699392,87424,85.375,True,[ERROR] Failed to run BiShengIR regbase pipeline
ascend_tutorial_06-fused-attention.ttadapter,2,0.220116,1,False,True,1,False,0,0,0,0,75786cb3f9e2ec5e3f8b18a5b7a4f90726cf39ff74194108b8238f2414c914b5,75786cb3f9e2ec5e3f8b18a5b7a4f90726cf39ff74194108b8238f2414c914b5,831488,831488,103936,101.5,True,[ERROR] Failed to run BiShengIR regbase pipeline
ascend_tutorial_07-extern-functions.ttadapter,0,0.1155,1,False,False,0,False,0,0,0,0,,,327680,327680,40960,40.0,True,[ERROR] Failed to run BiShengIR regbase pipeline
ascend_tutorial_07-extern-functions.ttadapter,1,0.109923,1,False,True,1,False,0,0,0,0,84ceab258f568ecb023a1b1ab60acb7a1c304b7bc0628f4eca92b063cb91d2d1,84ceab258f568ecb023a1b1ab60acb7a1c304b7bc0628f4eca92b063cb91d2d1,327680,327680,40960,40.0,True,[ERROR] Failed to run BiShengIR regbase pipeline
ascend_tutorial_07-extern-functions.ttadapter,2,0.115447,1,False,True,1,False,0,0,0,0,84ceab258f568ecb023a1b1ab60acb7a1c304b7bc0628f4eca92b063cb91d2d1,84ceab258f568ecb023a1b1ab60acb7a1c304b7bc0628f4eca92b063cb91d2d1,458752,458752,57344,56.0,True,[ERROR] Failed to run BiShengIR regbase pipeline
ascend_tutorial_08-grouped-gemm.ttadapter,0,0.107751,1,False,False,0,False,0,0,0,0,,,393216,393216,49152,48.0,True,[ERROR] Failed to run BiShengIR regbase pipeline
ascend_tutorial_08-grouped-gemm.ttadapter,1,0.12787,1,False,True,1,False,0,0,0,0,75786cb3f9e2ec5e3f8b18a5b7a4f90726cf39ff74194108b8238f2414c914b5,75786cb3f9e2ec5e3f8b18a5b7a4f90726cf39ff74194108b8238f2414c914b5,393216,393216,49152,48.0,True,[ERROR] Failed to run BiShengIR regbase pipeline
ascend_tutorial_08-grouped-gemm.ttadapter,2,0.138399,1,False,True,1,False,0,0,0,0,75786cb3f9e2ec5e3f8b18a5b7a4f90726cf39ff74194108b8238f2414c914b5,75786cb3f9e2ec5e3f8b18a5b7a4f90726cf39ff74194108b8238f2414c914b5,393216,393216,49152,48.0,True,[ERROR] Failed to run BiShengIR regbase pipeline
ascend_tutorial_09-persistent-matmul.ttadapter,0,0.100731,-6,False,False,0,False,0,0,0,0,,,,,,,False,LLVM ERROR: unsupported op to get out operands
ascend_tutorial_09-persistent-matmul.ttadapter,1,0.084662,-6,False,False,0,False,0,0,0,0,,,,,,,False,LLVM ERROR: unsupported op to get out operands
ascend_tutorial_09-persistent-matmul.ttadapter,2,0.083675,-6,False,False,0,False,0,0,0,0,,,,,,,False,LLVM ERROR: unsupported op to get out operands
attn_cp_triton_kernel_3d.ttadapter,0,0.094056,1,False,False,0,False,0,0,0,0,,,245760,245760,30720,30.0,True,[ERROR] Failed to run BiShengIR regbase pipeline
attn_cp_triton_kernel_3d.ttadapter,1,0.099385,1,False,True,1,False,0,0,0,0,84ceab258f568ecb023a1b1ab60acb7a1c304b7bc0628f4eca92b063cb91d2d1,84ceab258f568ecb023a1b1ab60acb7a1c304b7bc0628f4eca92b063cb91d2d1,245760,245760,30720,30.0,True,[ERROR] Failed to run BiShengIR regbase pipeline
attn_cp_triton_kernel_3d.ttadapter,2,0.105756,1,False,True,1,False,0,0,0,0,84ceab258f568ecb023a1b1ab60acb7a1c304b7bc0628f4eca92b063cb91d2d1,84ceab258f568ecb023a1b1ab60acb7a1c304b7bc0628f4eca92b063cb91d2d1,294912,294912,36864,36.0,True,[ERROR] Failed to run BiShengIR regbase pipeline
attn_cp_triton_kernel_3d_la.ttadapter,0,0.07625,1,False,False,0,False,0,0,0,0,,,134144,134144,16768,16.375,True,[ERROR] Failed to run BiShengIR regbase pipeline
attn_cp_triton_kernel_3d_la.ttadapter,1,0.079844,1,False,True,1,False,0,0,0,0,84ceab258f568ecb023a1b1ab60acb7a1c304b7bc0628f4eca92b063cb91d2d1,84ceab258f568ecb023a1b1ab60acb7a1c304b7bc0628f4eca92b063cb91d2d1,134144,134144,16768,16.375,True,[ERROR] Failed to run BiShengIR regbase pipeline
attn_cp_triton_kernel_3d_la.ttadapter,2,0.084461,1,False,True,1,False,0,0,0,0,84ceab258f568ecb023a1b1ab60acb7a1c304b7bc0628f4eca92b063cb91d2d1,84ceab258f568ecb023a1b1ab60acb7a1c304b7bc0628f4eca92b063cb91d2d1,135168,135168,16896,16.5,True,[ERROR] Failed to run BiShengIR regbase pipeline
attn_fwd.ttadapter,0,0.218777,1,False,False,0,False,0,0,0,0,,,1783040,1783040,222880,217.65625,True,[ERROR] Failed to run BiShengIR regbase pipeline
attn_fwd.ttadapter,1,0.275228,1,False,True,1,False,0,0,0,0,75786cb3f9e2ec5e3f8b18a5b7a4f90726cf39ff74194108b8238f2414c914b5,75786cb3f9e2ec5e3f8b18a5b7a4f90726cf39ff74194108b8238f2414c914b5,1783040,1783040,222880,217.65625,True,[ERROR] Failed to run BiShengIR regbase pipeline
attn_fwd.ttadapter,2,0.195252,-11,False,True,1,False,0,0,0,0,75786cb3f9e2ec5e3f8b18a5b7a4f90726cf39ff74194108b8238f2414c914b5,75786cb3f9e2ec5e3f8b18a5b7a4f90726cf39ff74194108b8238f2414c914b5,,,,,False,
chunk_kda_bwd_kernel_wy_dqkg_fused_opt_v2.ttadapter,0,0.812293,1,False,False,0,False,0,0,0,0,,,568832,568832,71104,69.4375,True,[ERROR] Failed to run BiShengIR regbase pipeline
chunk_kda_bwd_kernel_wy_dqkg_fused_opt_v2.ttadapter,1,1.013639,1,False,True,1,False,0,0,0,0,75786cb3f9e2ec5e3f8b18a5b7a4f90726cf39ff74194108b8238f2414c914b5,75786cb3f9e2ec5e3f8b18a5b7a4f90726cf39ff74194108b8238f2414c914b5,568832,568832,71104,69.4375,True,[ERROR] Failed to run BiShengIR regbase pipeline
chunk_kda_bwd_kernel_wy_dqkg_fused_opt_v2.ttadapter,2,0.683439,-10,False,False,0,False,0,0,0,0,,,,,,,False,
kernels_vllm__triton_rope.ttadapter,0,0.07409,1,False,False,0,False,0,0,0,0,,,50688,50688,6336,6.1875,True,[ERROR] Failed to run BiShengIR regbase pipeline
kernels_vllm__triton_rope.ttadapter,1,0.081472,1,False,True,1,False,0,0,0,0,84ceab258f568ecb023a1b1ab60acb7a1c304b7bc0628f4eca92b063cb91d2d1,84ceab258f568ecb023a1b1ab60acb7a1c304b7bc0628f4eca92b063cb91d2d1,50688,50688,6336,6.1875,True,[ERROR] Failed to run BiShengIR regbase pipeline
kernels_vllm__triton_rope.ttadapter,2,0.096292,1,False,True,1,False,0,0,0,0,84ceab258f568ecb023a1b1ab60acb7a1c304b7bc0628f4eca92b063cb91d2d1,84ceab258f568ecb023a1b1ab60acb7a1c304b7bc0628f4eca92b063cb91d2d1,50688,50688,6336,6.1875,True,[ERROR] Failed to run BiShengIR regbase pipeline
kernels_vllm_chunk_gated_delta_rule_fwd_kernel_h_blockdim64.ttadapter,0,0.2376,1,False,False,0,False,0,0,0,0,,,1709312,1709312,213664,208.65625,True,[ERROR] Failed to run BiShengIR regbase pipeline
kernels_vllm_chunk_gated_delta_rule_fwd_kernel_h_blockdim64.ttadapter,1,0.294377,1,False,True,1,False,0,0,0,0,75786cb3f9e2ec5e3f8b18a5b7a4f90726cf39ff74194108b8238f2414c914b5,75786cb3f9e2ec5e3f8b18a5b7a4f90726cf39ff74194108b8238f2414c914b5,1840384,1840384,230048,224.65625,True,[ERROR] Failed to run BiShengIR regbase pipeline
kernels_vllm_chunk_gated_delta_rule_fwd_kernel_h_blockdim64.ttadapter,2,0.312263,1,False,True,1,False,0,0,0,0,75786cb3f9e2ec5e3f8b18a5b7a4f90726cf39ff74194108b8238f2414c914b5,75786cb3f9e2ec5e3f8b18a5b7a4f90726cf39ff74194108b8238f2414c914b5,1709312,1709312,213664,208.65625,True,[ERROR] Failed to run BiShengIR regbase pipeline
kernels_vllm_chunk_local_cumsum_scalar_kernel.ttadapter,0,0.056301,1,False,False,0,False,0,0,0,0,,,36864,36864,4608,4.5,True,[ERROR] Failed to run BiShengIR regbase pipeline
kernels_vllm_chunk_local_cumsum_scalar_kernel.ttadapter,1,0.071113,1,False,True,1,False,0,0,0,0,84ceab258f568ecb023a1b1ab60acb7a1c304b7bc0628f4eca92b063cb91d2d1,84ceab258f568ecb023a1b1ab60acb7a1c304b7bc0628f4eca92b063cb91d2d1,36864,36864,4608,4.5,True,[ERROR] Failed to run BiShengIR regbase pipeline
kernels_vllm_chunk_local_cumsum_scalar_kernel.ttadapter,2,0.0733,1,False,True,1,False,0,0,0,0,84ceab258f568ecb023a1b1ab60acb7a1c304b7bc0628f4eca92b063cb91d2d1,84ceab258f568ecb023a1b1ab60acb7a1c304b7bc0628f4eca92b063cb91d2d1,36864,36864,4608,4.5,True,[ERROR] Failed to run BiShengIR regbase pipeline
kernels_vllm_chunk_scaled_dot_kkt_fwd_kernel.ttadapter,0,0.09317,1,False,False,0,False,0,0,0,0,,,13056,13056,1632,1.59375,True,[ERROR] Failed to run BiShengIR regbase pipeline
kernels_vllm_chunk_scaled_dot_kkt_fwd_kernel.ttadapter,1,0.112362,1,False,True,1,False,0,0,0,0,75786cb3f9e2ec5e3f8b18a5b7a4f90726cf39ff74194108b8238f2414c914b5,75786cb3f9e2ec5e3f8b18a5b7a4f90726cf39ff74194108b8238f2414c914b5,13056,13056,1632,1.59375,True,[ERROR] Failed to run BiShengIR regbase pipeline
kernels_vllm_chunk_scaled_dot_kkt_fwd_kernel.ttadapter,2,0.108673,1,False,True,1,False,0,0,0,0,75786cb3f9e2ec5e3f8b18a5b7a4f90726cf39ff74194108b8238f2414c914b5,75786cb3f9e2ec5e3f8b18a5b7a4f90726cf39ff74194108b8238f2414c914b5,13056,13056,1632,1.59375,True,[ERROR] Failed to run BiShengIR regbase pipeline
kernels_vllm_expand_kernel.ttadapter,0,0.083334,1,False,False,0,False,0,0,0,0,,,1536,1536,192,0.1875,True,[ERROR] Failed to run BiShengIR regbase pipeline
kernels_vllm_expand_kernel.ttadapter,1,0.089443,1,False,True,1,False,0,0,0,0,84ceab258f568ecb023a1b1ab60acb7a1c304b7bc0628f4eca92b063cb91d2d1,84ceab258f568ecb023a1b1ab60acb7a1c304b7bc0628f4eca92b063cb91d2d1,1536,1536,192,0.1875,True,[ERROR] Failed to run BiShengIR regbase pipeline
kernels_vllm_expand_kernel.ttadapter,2,0.083941,1,False,True,1,False,0,0,0,0,84ceab258f568ecb023a1b1ab60acb7a1c304b7bc0628f4eca92b063cb91d2d1,84ceab258f568ecb023a1b1ab60acb7a1c304b7bc0628f4eca92b063cb91d2d1,1536,1536,192,0.1875,True,[ERROR] Failed to run BiShengIR regbase pipeline
kernels_vllm_fused_gdn_gating_kernel.ttadapter,0,0.075582,1,False,False,0,False,0,0,0,0,,,2560,2560,320,0.3125,True,[ERROR] Failed to run BiShengIR regbase pipeline
kernels_vllm_fused_gdn_gating_kernel.ttadapter,1,0.0756,1,False,True,1,False,0,0,0,0,84ceab258f568ecb023a1b1ab60acb7a1c304b7bc0628f4eca92b063cb91d2d1,84ceab258f568ecb023a1b1ab60acb7a1c304b7bc0628f4eca92b063cb91d2d1,2560,2560,320,0.3125,True,[ERROR] Failed to run BiShengIR regbase pipeline
kernels_vllm_fused_gdn_gating_kernel.ttadapter,2,0.092263,1,False,True,1,False,0,0,0,0,84ceab258f568ecb023a1b1ab60acb7a1c304b7bc0628f4eca92b063cb91d2d1,84ceab258f568ecb023a1b1ab60acb7a1c304b7bc0628f4eca92b063cb91d2d1,2560,2560,320,0.3125,True,[ERROR] Failed to run BiShengIR regbase pipeline
kernels_vllm_fused_qkvzba_split_reshape_cat_kernel.ttadapter,0,0.053609,1,False,False,0,False,0,0,0,0,,,4608,4608,576,0.5625,True,[ERROR] Failed to run BiShengIR regbase pipeline
kernels_vllm_fused_qkvzba_split_reshape_cat_kernel.ttadapter,1,0.050792,1,False,True,1,False,0,0,0,0,84ceab258f568ecb023a1b1ab60acb7a1c304b7bc0628f4eca92b063cb91d2d1,84ceab258f568ecb023a1b1ab60acb7a1c304b7bc0628f4eca92b063cb91d2d1,4608,4608,576,0.5625,True,[ERROR] Failed to run BiShengIR regbase pipeline
kernels_vllm_fused_qkvzba_split_reshape_cat_kernel.ttadapter,2,0.051097,1,False,True,1,False,0,0,0,0,84ceab258f568ecb023a1b1ab60acb7a1c304b7bc0628f4eca92b063cb91d2d1,84ceab258f568ecb023a1b1ab60acb7a1c304b7bc0628f4eca92b063cb91d2d1,4608,4608,576,0.5625,True,[ERROR] Failed to run BiShengIR regbase pipeline
kernels_vllm_l2norm_fwd_kernel2_loop.ttadapter,0,0.079782,1,False,False,0,False,0,0,0,0,,,49664,49664,6208,6.0625,True,[ERROR] Failed to run BiShengIR regbase pipeline
kernels_vllm_l2norm_fwd_kernel2_loop.ttadapter,1,0.076885,1,False,True,1,False,0,0,0,0,84ceab258f568ecb023a1b1ab60acb7a1c304b7bc0628f4eca92b063cb91d2d1,84ceab258f568ecb023a1b1ab60acb7a1c304b7bc0628f4eca92b063cb91d2d1,49664,49664,6208,6.0625,True,[ERROR] Failed to run BiShengIR regbase pipeline
kernels_vllm_l2norm_fwd_kernel2_loop.ttadapter,2,0.076679,-11,False,True,1,False,0,0,0,0,84ceab258f568ecb023a1b1ab60acb7a1c304b7bc0628f4eca92b063cb91d2d1,84ceab258f568ecb023a1b1ab60acb7a1c304b7bc0628f4eca92b063cb91d2d1,,,,,False,
kernels_vllm_layer_norm_fwd_kernel.ttadapter,0,0.145368,1,False,False,0,False,0,0,0,0,,,17920,17920,2240,2.1875,True,[ERROR] Failed to run BiShengIR regbase pipeline
kernels_vllm_layer_norm_fwd_kernel.ttadapter,1,0.13146,1,False,True,1,False,0,0,0,0,84ceab258f568ecb023a1b1ab60acb7a1c304b7bc0628f4eca92b063cb91d2d1,84ceab258f568ecb023a1b1ab60acb7a1c304b7bc0628f4eca92b063cb91d2d1,17920,17920,2240,2.1875,True,[ERROR] Failed to run BiShengIR regbase pipeline
kernels_vllm_layer_norm_fwd_kernel.ttadapter,2,0.134818,1,False,False,0,False,0,0,0,0,,,22016,22016,2752,2.6875,True,[ERROR] Failed to run BiShengIR regbase pipeline
kernels_vllm_merge_16x16_to_32x32_inverse_kernel.ttadapter,0,0.123703,1,False,False,0,False,0,0,0,0,,,40448,40448,5056,4.9375,True,[ERROR] Failed to run BiShengIR regbase pipeline
kernels_vllm_merge_16x16_to_32x32_inverse_kernel.ttadapter,1,0.149687,1,False,True,1,False,0,0,0,0,75786cb3f9e2ec5e3f8b18a5b7a4f90726cf39ff74194108b8238f2414c914b5,75786cb3f9e2ec5e3f8b18a5b7a4f90726cf39ff74194108b8238f2414c914b5,40448,40448,5056,4.9375,True,[ERROR] Failed to run BiShengIR regbase pipeline
kernels_vllm_merge_16x16_to_32x32_inverse_kernel.ttadapter,2,0.13028,1,False,True,1,False,0,0,0,0,75786cb3f9e2ec5e3f8b18a5b7a4f90726cf39ff74194108b8238f2414c914b5,75786cb3f9e2ec5e3f8b18a5b7a4f90726cf39ff74194108b8238f2414c914b5,40448,40448,5056,4.9375,True,[ERROR] Failed to run BiShengIR regbase pipeline
kernels_vllm_merge_16x16_to_64x64_inverse_kernel.ttadapter,0,0.272386,1,False,False,0,False,0,0,0,0,,,366592,366592,45824,44.75,True,[ERROR] Failed to run BiShengIR regbase pipeline
kernels_vllm_merge_16x16_to_64x64_inverse_kernel.ttadapter,1,0.317784,1,False,True,1,False,0,0,0,0,8f9ee44e9b7697dd96aae389abb1604ddb40c4ec28f5c3bb33a3f77ea3e96464,8f9ee44e9b7697dd96aae389abb1604ddb40c4ec28f5c3bb33a3f77ea3e96464,366592,366592,45824,44.75,True,[ERROR] Failed to run BiShengIR regbase pipeline
kernels_vllm_merge_16x16_to_64x64_inverse_kernel.ttadapter,2,0.304052,1,False,True,1,False,0,0,0,0,8f9ee44e9b7697dd96aae389abb1604ddb40c4ec28f5c3bb33a3f77ea3e96464,8f9ee44e9b7697dd96aae389abb1604ddb40c4ec28f5c3bb33a3f77ea3e96464,366592,366592,45824,44.75,True,[ERROR] Failed to run BiShengIR regbase pipeline
kernels_vllm_recompute_w_u_fwd_kernel.ttadapter,0,0.143986,1,False,False,0,False,0,0,0,0,,,113664,113664,14208,13.875,True,[ERROR] Failed to run BiShengIR regbase pipeline
kernels_vllm_recompute_w_u_fwd_kernel.ttadapter,1,0.183262,1,False,True,1,False,0,0,0,0,75786cb3f9e2ec5e3f8b18a5b7a4f90726cf39ff74194108b8238f2414c914b5,75786cb3f9e2ec5e3f8b18a5b7a4f90726cf39ff74194108b8238f2414c914b5,113664,113664,14208,13.875,True,[ERROR] Failed to run BiShengIR regbase pipeline
kernels_vllm_recompute_w_u_fwd_kernel.ttadapter,2,0.16744,1,False,True,1,False,0,0,0,0,75786cb3f9e2ec5e3f8b18a5b7a4f90726cf39ff74194108b8238f2414c914b5,75786cb3f9e2ec5e3f8b18a5b7a4f90726cf39ff74194108b8238f2414c914b5,113664,113664,14208,13.875,True,[ERROR] Failed to run BiShengIR regbase pipeline
kernels_vllm_rejection_greedy_sample_spec_len_1_triton.ttadapter,0,0.043658,1,False,False,0,False,0,0,0,0,,,1280,1280,160,0.15625,True,[ERROR] Failed to run BiShengIR regbase pipeline
kernels_vllm_rejection_greedy_sample_spec_len_1_triton.ttadapter,1,0.062075,1,False,True,1,False,0,0,0,0,84ceab258f568ecb023a1b1ab60acb7a1c304b7bc0628f4eca92b063cb91d2d1,84ceab258f568ecb023a1b1ab60acb7a1c304b7bc0628f4eca92b063cb91d2d1,1280,1280,160,0.15625,True,[ERROR] Failed to run BiShengIR regbase pipeline
kernels_vllm_rejection_greedy_sample_spec_len_1_triton.ttadapter,2,0.063343,1,False,True,1,False,0,0,0,0,84ceab258f568ecb023a1b1ab60acb7a1c304b7bc0628f4eca92b063cb91d2d1,84ceab258f568ecb023a1b1ab60acb7a1c304b7bc0628f4eca92b063cb91d2d1,1280,1280,160,0.15625,True,[ERROR] Failed to run BiShengIR regbase pipeline
kernels_vllm_rejection_random_sample_kernel.ttadapter,0,0.046706,1,False,False,0,False,0,0,0,0,,,512,512,64,0.0625,True,[ERROR] Failed to run BiShengIR regbase pipeline
kernels_vllm_rejection_random_sample_kernel.ttadapter,1,0.049302,1,False,True,1,False,0,0,0,0,84ceab258f568ecb023a1b1ab60acb7a1c304b7bc0628f4eca92b063cb91d2d1,84ceab258f568ecb023a1b1ab60acb7a1c304b7bc0628f4eca92b063cb91d2d1,512,512,64,0.0625,True,[ERROR] Failed to run BiShengIR regbase pipeline
kernels_vllm_rejection_random_sample_kernel.ttadapter,2,0.060085,1,False,True,1,False,0,0,0,0,84ceab258f568ecb023a1b1ab60acb7a1c304b7bc0628f4eca92b063cb91d2d1,84ceab258f568ecb023a1b1ab60acb7a1c304b7bc0628f4eca92b063cb91d2d1,512,512,64,0.0625,True,[ERROR] Failed to run BiShengIR regbase pipeline
kernels_vllm_sample_recovered_tokens_kernel.ttadapter,0,0.079073,1,False,False,0,False,0,0,0,0,,,2816,2816,352,0.34375,True,[ERROR] Failed to run BiShengIR regbase pipeline
kernels_vllm_sample_recovered_tokens_kernel.ttadapter,1,0.078824,1,False,True,1,False,0,0,0,0,84ceab258f568ecb023a1b1ab60acb7a1c304b7bc0628f4eca92b063cb91d2d1,84ceab258f568ecb023a1b1ab60acb7a1c304b7bc0628f4eca92b063cb91d2d1,2816,2816,352,0.34375,True,[ERROR] Failed to run BiShengIR regbase pipeline
kernels_vllm_sample_recovered_tokens_kernel.ttadapter,2,0.09641,1,False,True,1,False,0,0,0,0,84ceab258f568ecb023a1b1ab60acb7a1c304b7bc0628f4eca92b063cb91d2d1,84ceab258f568ecb023a1b1ab60acb7a1c304b7bc0628f4eca92b063cb91d2d1,2816,2816,352,0.34375,True,[ERROR] Failed to run BiShengIR regbase pipeline
kernels_vllm_solve_tril_16x16_kernel.ttadapter,0,0.124046,1,False,False,0,False,0,0,0,0,,,42752,42752,5344,5.21875,True,[ERROR] Failed to run BiShengIR regbase pipeline
kernels_vllm_solve_tril_16x16_kernel.ttadapter,1,0.13063,1,False,True,1,False,0,0,0,0,84ceab258f568ecb023a1b1ab60acb7a1c304b7bc0628f4eca92b063cb91d2d1,84ceab258f568ecb023a1b1ab60acb7a1c304b7bc0628f4eca92b063cb91d2d1,42752,42752,5344,5.21875,True,[ERROR] Failed to run BiShengIR regbase pipeline
kernels_vllm_solve_tril_16x16_kernel.ttadapter,2,0.130995,1,False,True,1,False,0,0,0,0,84ceab258f568ecb023a1b1ab60acb7a1c304b7bc0628f4eca92b063cb91d2d1,84ceab258f568ecb023a1b1ab60acb7a1c304b7bc0628f4eca92b063cb91d2d1,42752,42752,5344,5.21875,True,[ERROR] Failed to run BiShengIR regbase pipeline
layernorm_bench.ttadapter,0,0.095546,1,False,False,0,False,0,0,0,0,,,263168,263168,32896,32.125,True,[ERROR] Failed to run BiShengIR regbase pipeline
layernorm_bench.ttadapter,1,0.096815,1,False,True,1,False,0,0,0,0,84ceab258f568ecb023a1b1ab60acb7a1c304b7bc0628f4eca92b063cb91d2d1,84ceab258f568ecb023a1b1ab60acb7a1c304b7bc0628f4eca92b063cb91d2d1,263168,263168,32896,32.125,True,[ERROR] Failed to run BiShengIR regbase pipeline
layernorm_bench.ttadapter,2,0.095326,1,False,True,1,False,0,0,0,0,84ceab258f568ecb023a1b1ab60acb7a1c304b7bc0628f4eca92b063cb91d2d1,84ceab258f568ecb023a1b1ab60acb7a1c304b7bc0628f4eca92b063cb91d2d1,263168,263168,32896,32.125,True,[ERROR] Failed to run BiShengIR regbase pipeline
python_tutorial_02-fused-softmax.ttadapter,0,0.071997,1,False,False,0,False,0,0,0,0,,,66048,66048,8256,8.0625,True,[ERROR] Failed to run BiShengIR regbase pipeline
python_tutorial_02-fused-softmax.ttadapter,1,0.066124,1,False,True,1,False,0,0,0,0,84ceab258f568ecb023a1b1ab60acb7a1c304b7bc0628f4eca92b063cb91d2d1,84ceab258f568ecb023a1b1ab60acb7a1c304b7bc0628f4eca92b063cb91d2d1,66048,66048,8256,8.0625,True,[ERROR] Failed to run BiShengIR regbase pipeline
python_tutorial_02-fused-softmax.ttadapter,2,0.084459,1,False,True,1,False,0,0,0,0,84ceab258f568ecb023a1b1ab60acb7a1c304b7bc0628f4eca92b063cb91d2d1,84ceab258f568ecb023a1b1ab60acb7a1c304b7bc0628f4eca92b063cb91d2d1,98816,98816,12352,12.0625,True,[ERROR] Failed to run BiShengIR regbase pipeline
python_tutorial_03-matrix-multiplication.ttadapter,0,0.096535,-6,False,False,0,False,0,0,0,0,,,,,,,False,LLVM ERROR: unsupported op to get out operands
python_tutorial_03-matrix-multiplication.ttadapter,1,0.086465,-6,False,False,0,False,0,0,0,0,,,,,,,False,LLVM ERROR: unsupported op to get out operands
python_tutorial_03-matrix-multiplication.ttadapter,2,0.086282,-6,False,False,0,False,0,0,0,0,,,,,,,False,LLVM ERROR: unsupported op to get out operands
python_tutorial_04-low-memory-dropout.ttadapter,0,0.058671,1,False,False,0,False,0,0,0,0,,,65792,65792,8224,8.03125,True,[ERROR] Failed to run BiShengIR regbase pipeline
python_tutorial_04-low-memory-dropout.ttadapter,1,0.078415,1,False,True,1,False,0,0,0,0,84ceab258f568ecb023a1b1ab60acb7a1c304b7bc0628f4eca92b063cb91d2d1,84ceab258f568ecb023a1b1ab60acb7a1c304b7bc0628f4eca92b063cb91d2d1,65792,65792,8224,8.03125,True,[ERROR] Failed to run BiShengIR regbase pipeline
python_tutorial_04-low-memory-dropout.ttadapter,2,0.068198,1,False,True,1,False,0,0,0,0,84ceab258f568ecb023a1b1ab60acb7a1c304b7bc0628f4eca92b063cb91d2d1,84ceab258f568ecb023a1b1ab60acb7a1c304b7bc0628f4eca92b063cb91d2d1,65792,65792,8224,8.03125,True,[ERROR] Failed to run BiShengIR regbase pipeline
python_tutorial_05-layer-norm.ttadapter,0,0.147562,1,False,False,0,False,0,0,0,0,,,1835520,1835520,229440,224.0625,True,[ERROR] Failed to run BiShengIR regbase pipeline
python_tutorial_05-layer-norm.ttadapter,1,0.160119,1,False,True,1,False,0,0,0,0,84ceab258f568ecb023a1b1ab60acb7a1c304b7bc0628f4eca92b063cb91d2d1,84ceab258f568ecb023a1b1ab60acb7a1c304b7bc0628f4eca92b063cb91d2d1,1835520,1835520,229440,224.0625,True,[ERROR] Failed to run BiShengIR regbase pipeline
python_tutorial_05-layer-norm.ttadapter,2,0.156312,1,False,True,1,False,0,0,0,0,84ceab258f568ecb023a1b1ab60acb7a1c304b7bc0628f4eca92b063cb91d2d1,84ceab258f568ecb023a1b1ab60acb7a1c304b7bc0628f4eca92b063cb91d2d1,1835520,1835520,229440,224.0625,True,[ERROR] Failed to run BiShengIR regbase pipeline
python_tutorial_06-fused-attention.ttadapter,0,0.363957,1,False,False,0,False,0,0,0,0,,,577792,577792,72224,70.53125,True,[ERROR] Failed to run BiShengIR regbase pipeline
python_tutorial_06-fused-attention.ttadapter,1,0.422892,1,False,True,1,False,0,0,0,0,75786cb3f9e2ec5e3f8b18a5b7a4f90726cf39ff74194108b8238f2414c914b5,75786cb3f9e2ec5e3f8b18a5b7a4f90726cf39ff74194108b8238f2414c914b5,577792,577792,72224,70.53125,True,[ERROR] Failed to run BiShengIR regbase pipeline
python_tutorial_06-fused-attention.ttadapter,2,0.381545,1,False,True,1,False,0,0,0,0,75786cb3f9e2ec5e3f8b18a5b7a4f90726cf39ff74194108b8238f2414c914b5,75786cb3f9e2ec5e3f8b18a5b7a4f90726cf39ff74194108b8238f2414c914b5,579840,579840,72480,70.78125,True,[ERROR] Failed to run BiShengIR regbase pipeline
python_tutorial_08-grouped-gemm.ttadapter,0,0.096422,1,False,False,0,False,0,0,0,0,,,393216,393216,49152,48.0,True,[ERROR] Failed to run BiShengIR regbase pipeline
python_tutorial_08-grouped-gemm.ttadapter,1,0.11578,1,False,True,1,False,0,0,0,0,75786cb3f9e2ec5e3f8b18a5b7a4f90726cf39ff74194108b8238f2414c914b5,75786cb3f9e2ec5e3f8b18a5b7a4f90726cf39ff74194108b8238f2414c914b5,393216,393216,49152,48.0,True,[ERROR] Failed to run BiShengIR regbase pipeline
python_tutorial_08-grouped-gemm.ttadapter,2,0.130694,1,False,True,1,False,0,0,0,0,75786cb3f9e2ec5e3f8b18a5b7a4f90726cf39ff74194108b8238f2414c914b5,75786cb3f9e2ec5e3f8b18a5b7a4f90726cf39ff74194108b8238f2414c914b5,393216,393216,49152,48.0,True,[ERROR] Failed to run BiShengIR regbase pipeline
python_tutorial_09-persistent-matmul.ttadapter,0,0.080772,-6,False,False,0,False,0,0,0,0,,,,,,,False,LLVM ERROR: unsupported op to get out operands
python_tutorial_09-persistent-matmul.ttadapter,1,0.08253,-6,False,False,0,False,0,0,0,0,,,,,,,False,LLVM ERROR: unsupported op to get out operands
python_tutorial_09-persistent-matmul.ttadapter,2,0.091133,-6,False,False,0,False,0,0,0,0,,,,,,,False,LLVM ERROR: unsupported op to get out operands
python_tutorial_10-block-scaled-matmul.ttadapter,0,0.085768,1,False,False,0,False,0,0,0,0,,,25600,25600,3200,3.125,True,[ERROR] Failed to run BiShengIR regbase pipeline
python_tutorial_10-block-scaled-matmul.ttadapter,1,0.107753,1,False,True,1,False,0,0,0,0,75786cb3f9e2ec5e3f8b18a5b7a4f90726cf39ff74194108b8238f2414c914b5,75786cb3f9e2ec5e3f8b18a5b7a4f90726cf39ff74194108b8238f2414c914b5,25600,25600,3200,3.125,True,[ERROR] Failed to run BiShengIR regbase pipeline
python_tutorial_10-block-scaled-matmul.ttadapter,2,0.114912,1,False,True,1,False,0,0,0,0,75786cb3f9e2ec5e3f8b18a5b7a4f90726cf39ff74194108b8238f2414c914b5,75786cb3f9e2ec5e3f8b18a5b7a4f90726cf39ff74194108b8238f2414c914b5,25600,25600,3200,3.125,True,[ERROR] Failed to run BiShengIR regbase pipeline
rmsnorm_bench.ttadapter,0,0.073847,1,False,False,0,False,0,0,0,0,,,131840,131840,16480,16.09375,True,[ERROR] Failed to run BiShengIR regbase pipeline
rmsnorm_bench.ttadapter,1,0.082476,1,False,True,1,False,0,0,0,0,84ceab258f568ecb023a1b1ab60acb7a1c304b7bc0628f4eca92b063cb91d2d1,84ceab258f568ecb023a1b1ab60acb7a1c304b7bc0628f4eca92b063cb91d2d1,131840,131840,16480,16.09375,True,[ERROR] Failed to run BiShengIR regbase pipeline
rmsnorm_bench.ttadapter,2,0.087264,1,False,True,1,False,0,0,0,0,84ceab258f568ecb023a1b1ab60acb7a1c304b7bc0628f4eca92b063cb91d2d1,84ceab258f568ecb023a1b1ab60acb7a1c304b7bc0628f4eca92b063cb91d2d1,131840,131840,16480,16.09375,True,[ERROR] Failed to run BiShengIR regbase pipeline
s0_original_baseline_5800us.ttadapter,0,0.170693,1,False,False,0,False,0,0,0,0,,,263680,263680,32960,32.1875,True,[ERROR] Failed to run BiShengIR regbase pipeline
s0_original_baseline_5800us.ttadapter,1,0.198504,1,False,True,1,False,0,0,0,0,75786cb3f9e2ec5e3f8b18a5b7a4f90726cf39ff74194108b8238f2414c914b5,75786cb3f9e2ec5e3f8b18a5b7a4f90726cf39ff74194108b8238f2414c914b5,263680,263680,32960,32.1875,True,[ERROR] Failed to run BiShengIR regbase pipeline
s0_original_baseline_5800us.ttadapter,2,0.219321,1,False,True,1,False,0,0,0,0,75786cb3f9e2ec5e3f8b18a5b7a4f90726cf39ff74194108b8238f2414c914b5,75786cb3f9e2ec5e3f8b18a5b7a4f90726cf39ff74194108b8238f2414c914b5,313088,313088,39136,38.21875,True,[ERROR] Failed to run BiShengIR regbase pipeline
s1_exp3_BLOCK_V_512_5392us.ttadapter,0,0.158426,1,False,False,0,False,0,0,0,0,,,460032,460032,57504,56.15625,True,[ERROR] Failed to run BiShengIR regbase pipeline
s1_exp3_BLOCK_V_512_5392us.ttadapter,1,0.181218,1,False,True,1,False,0,0,0,0,75786cb3f9e2ec5e3f8b18a5b7a4f90726cf39ff74194108b8238f2414c914b5,75786cb3f9e2ec5e3f8b18a5b7a4f90726cf39ff74194108b8238f2414c914b5,460032,460032,57504,56.15625,True,[ERROR] Failed to run BiShengIR regbase pipeline
s1_exp3_BLOCK_V_512_5392us.ttadapter,2,0.172163,1,False,True,1,False,0,0,0,0,75786cb3f9e2ec5e3f8b18a5b7a4f90726cf39ff74194108b8238f2414c914b5,75786cb3f9e2ec5e3f8b18a5b7a4f90726cf39ff74194108b8238f2414c914b5,509440,509440,63680,62.1875,True,[ERROR] Failed to run BiShengIR regbase pipeline
s2_exp4b_BLOCK_SBS_256_multibuffer_False_4356us.ttadapter,0,0.169849,1,False,False,0,False,0,0,0,0,,,525568,525568,65696,64.15625,True,[ERROR] Failed to run BiShengIR regbase pipeline
s2_exp4b_BLOCK_SBS_256_multibuffer_False_4356us.ttadapter,1,0.185205,1,False,True,1,False,0,0,0,0,75786cb3f9e2ec5e3f8b18a5b7a4f90726cf39ff74194108b8238f2414c914b5,75786cb3f9e2ec5e3f8b18a5b7a4f90726cf39ff74194108b8238f2414c914b5,525568,525568,65696,64.15625,True,[ERROR] Failed to run BiShengIR regbase pipeline
s2_exp4b_BLOCK_SBS_256_multibuffer_False_4356us.ttadapter,2,0.204785,1,False,True,1,False,0,0,0,0,75786cb3f9e2ec5e3f8b18a5b7a4f90726cf39ff74194108b8238f2414c914b5,75786cb3f9e2ec5e3f8b18a5b7a4f90726cf39ff74194108b8238f2414c914b5,624128,624128,78016,76.1875,True,[ERROR] Failed to run BiShengIR regbase pipeline
s4_exp10_workspace_sv_bf16_4294us.ttadapter,0,0.161261,1,False,False,0,False,0,0,0,0,,,460032,460032,57504,56.15625,True,[ERROR] Failed to run BiShengIR regbase pipeline
s4_exp10_workspace_sv_bf16_4294us.ttadapter,1,0.211689,1,False,True,1,False,0,0,0,0,75786cb3f9e2ec5e3f8b18a5b7a4f90726cf39ff74194108b8238f2414c914b5,75786cb3f9e2ec5e3f8b18a5b7a4f90726cf39ff74194108b8238f2414c914b5,460032,460032,57504,56.15625,True,[ERROR] Failed to run BiShengIR regbase pipeline
s4_exp10_workspace_sv_bf16_4294us.ttadapter,2,0.200452,1,False,True,1,False,0,0,0,0,75786cb3f9e2ec5e3f8b18a5b7a4f90726cf39ff74194108b8238f2414c914b5,75786cb3f9e2ec5e3f8b18a5b7a4f90726cf39ff74194108b8238f2414c914b5,558592,558592,69824,68.1875,True,[ERROR] Failed to run BiShengIR regbase pipeline
s5_exp15_hivm_auto_cv_balance_4235us.ttadapter,0,0.179868,1,False,False,0,False,0,0,0,0,,,328960,328960,41120,40.15625,True,[ERROR] Failed to run BiShengIR regbase pipeline
s5_exp15_hivm_auto_cv_balance_4235us.ttadapter,1,0.204036,1,False,True,1,False,0,0,0,0,75786cb3f9e2ec5e3f8b18a5b7a4f90726cf39ff74194108b8238f2414c914b5,75786cb3f9e2ec5e3f8b18a5b7a4f90726cf39ff74194108b8238f2414c914b5,328960,328960,41120,40.15625,True,[ERROR] Failed to run BiShengIR regbase pipeline
s5_exp15_hivm_auto_cv_balance_4235us.ttadapter,2,0.198208,1,False,True,1,False,0,0,0,0,75786cb3f9e2ec5e3f8b18a5b7a4f90726cf39ff74194108b8238f2414c914b5,75786cb3f9e2ec5e3f8b18a5b7a4f90726cf39ff74194108b8238f2414c914b5,427520,427520,53440,52.1875,True,[ERROR] Failed to run BiShengIR regbase pipeline
s7_exp27_shared_kv_nope_SSA_3580us.ttadapter,0,0.150271,1,False,False,0,False,0,0,0,0,,,329472,329472,41184,40.21875,True,[ERROR] Failed to run BiShengIR regbase pipeline
s7_exp27_shared_kv_nope_SSA_3580us.ttadapter,1,0.182116,1,False,True,1,False,0,0,0,0,75786cb3f9e2ec5e3f8b18a5b7a4f90726cf39ff74194108b8238f2414c914b5,75786cb3f9e2ec5e3f8b18a5b7a4f90726cf39ff74194108b8238f2414c914b5,329472,329472,41184,40.21875,True,[ERROR] Failed to run BiShengIR regbase pipeline
s7_exp27_shared_kv_nope_SSA_3580us.ttadapter,2,0.187504,1,False,True,1,False,0,0,0,0,75786cb3f9e2ec5e3f8b18a5b7a4f90726cf39ff74194108b8238f2414c914b5,75786cb3f9e2ec5e3f8b18a5b7a4f90726cf39ff74194108b8238f2414c914b5,428032,428032,53504,52.25,True,[ERROR] Failed to run BiShengIR regbase pipeline
s8_exp28_hoist_Q_loads_3589us.ttadapter,0,0.149364,1,False,False,0,False,0,0,0,0,,,329472,329472,41184,40.21875,True,[ERROR] Failed to run BiShengIR regbase pipeline
s8_exp28_hoist_Q_loads_3589us.ttadapter,1,0.182516,1,False,True,1,False,0,0,0,0,75786cb3f9e2ec5e3f8b18a5b7a4f90726cf39ff74194108b8238f2414c914b5,75786cb3f9e2ec5e3f8b18a5b7a4f90726cf39ff74194108b8238f2414c914b5,329472,329472,41184,40.21875,True,[ERROR] Failed to run BiShengIR regbase pipeline
s8_exp28_hoist_Q_loads_3589us.ttadapter,2,0.175029,1,False,True,1,False,0,0,0,0,75786cb3f9e2ec5e3f8b18a5b7a4f90726cf39ff74194108b8238f2414c914b5,75786cb3f9e2ec5e3f8b18a5b7a4f90726cf39ff74194108b8238f2414c914b5,428032,428032,53504,52.25,True,[ERROR] Failed to run BiShengIR regbase pipeline
softmax_bench.ttadapter,0,0.071571,1,False,False,0,False,0,0,0,0,,,66048,66048,8256,8.0625,True,[ERROR] Failed to run BiShengIR regbase pipeline
softmax_bench.ttadapter,1,0.075648,1,False,True,1,False,0,0,0,0,84ceab258f568ecb023a1b1ab60acb7a1c304b7bc0628f4eca92b063cb91d2d1,84ceab258f568ecb023a1b1ab60acb7a1c304b7bc0628f4eca92b063cb91d2d1,66048,66048,8256,8.0625,True,[ERROR] Failed to run BiShengIR regbase pipeline
softmax_bench.ttadapter,2,0.063103,1,False,False,0,False,0,0,0,0,,,,,,,False,"loc(""/tmp/softmax_bench.YnGwWm.py"":18:0): error: Failed to run buildFinalHIVMPipelines pipeline | loc(callsite(callsite(""/home/yuanye/AscendNPU-IR/.venv/lib/python3.9/site-packages/triton/language/standard.py"":197:44 at ""x""(""/tmp/softmax_bench.YnGwWm.py"":23:19)) at callsite(""/home/yuanye/AscendNPU-IR/.venv/lib/python3.9/site-packages/triton/language/standard.py"":197:44 at ""x""(""/tmp/softmax_bench.YnGwWm.py"":23:19)))): error: operand #5 does not dominate this use | [ERROR] Failed to run BiShengIR regbase pipeline"
triton.language.abs.ttadapter,0,0.044877,1,False,False,0,False,0,0,0,0,,,2048,2048,256,0.25,True,[ERROR] Failed to run BiShengIR regbase pipeline
triton.language.abs.ttadapter,1,0.044482,1,False,True,1,False,0,0,0,0,84ceab258f568ecb023a1b1ab60acb7a1c304b7bc0628f4eca92b063cb91d2d1,84ceab258f568ecb023a1b1ab60acb7a1c304b7bc0628f4eca92b063cb91d2d1,2048,2048,256,0.25,True,[ERROR] Failed to run BiShengIR regbase pipeline
triton.language.abs.ttadapter,2,0.051586,1,False,True,1,False,0,0,0,0,84ceab258f568ecb023a1b1ab60acb7a1c304b7bc0628f4eca92b063cb91d2d1,84ceab258f568ecb023a1b1ab60acb7a1c304b7bc0628f4eca92b063cb91d2d1,2048,2048,256,0.25,True,[ERROR] Failed to run BiShengIR regbase pipeline
triton.language.advance.ttadapter,0,0.035201,1,False,False,0,False,0,0,0,0,,,4096,4096,512,0.5,True,[ERROR] Failed to run BiShengIR regbase pipeline
triton.language.advance.ttadapter,1,0.039777,1,False,True,1,False,0,0,0,0,84ceab258f568ecb023a1b1ab60acb7a1c304b7bc0628f4eca92b063cb91d2d1,84ceab258f568ecb023a1b1ab60acb7a1c304b7bc0628f4eca92b063cb91d2d1,4096,4096,512,0.5,True,[ERROR] Failed to run BiShengIR regbase pipeline
triton.language.advance.ttadapter,2,0.040799,1,False,True,1,False,0,0,0,0,84ceab258f568ecb023a1b1ab60acb7a1c304b7bc0628f4eca92b063cb91d2d1,84ceab258f568ecb023a1b1ab60acb7a1c304b7bc0628f4eca92b063cb91d2d1,4096,4096,512,0.5,True,[ERROR] Failed to run BiShengIR regbase pipeline
triton.language.and.ttadapter,0,0.045369,1,False,False,0,False,0,0,0,0,,,512,512,64,0.0625,True,[ERROR] Failed to run BiShengIR regbase pipeline
triton.language.and.ttadapter,1,0.047417,1,False,True,1,False,0,0,0,0,84ceab258f568ecb023a1b1ab60acb7a1c304b7bc0628f4eca92b063cb91d2d1,84ceab258f568ecb023a1b1ab60acb7a1c304b7bc0628f4eca92b063cb91d2d1,512,512,64,0.0625,True,[ERROR] Failed to run BiShengIR regbase pipeline
triton.language.and.ttadapter,2,0.047955,1,False,True,1,False,0,0,0,0,84ceab258f568ecb023a1b1ab60acb7a1c304b7bc0628f4eca92b063cb91d2d1,84ceab258f568ecb023a1b1ab60acb7a1c304b7bc0628f4eca92b063cb91d2d1,512,512,64,0.0625,True,[ERROR] Failed to run BiShengIR regbase pipeline
triton.language.arange.ttadapter,0,0.044352,1,False,False,0,False,0,0,0,0,,,4096,4096,512,0.5,True,[ERROR] Failed to run BiShengIR regbase pipeline
triton.language.arange.ttadapter,1,0.036298,1,False,True,1,False,0,0,0,0,84ceab258f568ecb023a1b1ab60acb7a1c304b7bc0628f4eca92b063cb91d2d1,84ceab258f568ecb023a1b1ab60acb7a1c304b7bc0628f4eca92b063cb91d2d1,4096,4096,512,0.5,True,[ERROR] Failed to run BiShengIR regbase pipeline
triton.language.arange.ttadapter,2,0.051654,1,False,True,1,False,0,0,0,0,84ceab258f568ecb023a1b1ab60acb7a1c304b7bc0628f4eca92b063cb91d2d1,84ceab258f568ecb023a1b1ab60acb7a1c304b7bc0628f4eca92b063cb91d2d1,4096,4096,512,0.5,True,[ERROR] Failed to run BiShengIR regbase pipeline
triton.language.argmax.ttadapter,0,0.04822,1,False,False,0,False,0,0,0,0,,,1536,1536,192,0.1875,True,[ERROR] Failed to run BiShengIR regbase pipeline
triton.language.argmax.ttadapter,1,0.050244,1,False,True,1,False,0,0,0,0,84ceab258f568ecb023a1b1ab60acb7a1c304b7bc0628f4eca92b063cb91d2d1,84ceab258f568ecb023a1b1ab60acb7a1c304b7bc0628f4eca92b063cb91d2d1,1536,1536,192,0.1875,True,[ERROR] Failed to run BiShengIR regbase pipeline
triton.language.argmax.ttadapter,2,0.051884,1,False,True,1,False,0,0,0,0,84ceab258f568ecb023a1b1ab60acb7a1c304b7bc0628f4eca92b063cb91d2d1,84ceab258f568ecb023a1b1ab60acb7a1c304b7bc0628f4eca92b063cb91d2d1,1536,1536,192,0.1875,True,[ERROR] Failed to run BiShengIR regbase pipeline
triton.language.argmin.ttadapter,0,0.049345,1,False,False,0,False,0,0,0,0,,,1536,1536,192,0.1875,True,[ERROR] Failed to run BiShengIR regbase pipeline
triton.language.argmin.ttadapter,1,0.055059,1,False,True,1,False,0,0,0,0,84ceab258f568ecb023a1b1ab60acb7a1c304b7bc0628f4eca92b063cb91d2d1,84ceab258f568ecb023a1b1ab60acb7a1c304b7bc0628f4eca92b063cb91d2d1,1536,1536,192,0.1875,True,[ERROR] Failed to run BiShengIR regbase pipeline
triton.language.argmin.ttadapter,2,0.048762,1,False,True,1,False,0,0,0,0,84ceab258f568ecb023a1b1ab60acb7a1c304b7bc0628f4eca92b063cb91d2d1,84ceab258f568ecb023a1b1ab60acb7a1c304b7bc0628f4eca92b063cb91d2d1,1536,1536,192,0.1875,True,[ERROR] Failed to run BiShengIR regbase pipeline
triton.language.associative_scan.ttadapter,0,0.033013,1,False,False,0,False,0,0,0,0,,,2048,2048,256,0.25,True,[ERROR] Failed to run BiShengIR regbase pipeline
triton.language.associative_scan.ttadapter,1,0.048662,1,False,True,1,False,0,0,0,0,84ceab258f568ecb023a1b1ab60acb7a1c304b7bc0628f4eca92b063cb91d2d1,84ceab258f568ecb023a1b1ab60acb7a1c304b7bc0628f4eca92b063cb91d2d1,2048,2048,256,0.25,True,[ERROR] Failed to run BiShengIR regbase pipeline
triton.language.associative_scan.ttadapter,2,0.047218,1,False,True,1,False,0,0,0,0,84ceab258f568ecb023a1b1ab60acb7a1c304b7bc0628f4eca92b063cb91d2d1,84ceab258f568ecb023a1b1ab60acb7a1c304b7bc0628f4eca92b063cb91d2d1,2048,2048,256,0.25,True,[ERROR] Failed to run BiShengIR regbase pipeline
triton.language.assume.ttadapter,0,0.040294,1,False,False,0,False,0,0,0,0,,,8192,8192,1024,1.0,True,[ERROR] Failed to run BiShengIR regbase pipeline
triton.language.assume.ttadapter,1,0.041964,1,False,True,1,False,0,0,0,0,84ceab258f568ecb023a1b1ab60acb7a1c304b7bc0628f4eca92b063cb91d2d1,84ceab258f568ecb023a1b1ab60acb7a1c304b7bc0628f4eca92b063cb91d2d1,8192,8192,1024,1.0,True,[ERROR] Failed to run BiShengIR regbase pipeline
triton.language.assume.ttadapter,2,0.044557,1,False,True,1,False,0,0,0,0,84ceab258f568ecb023a1b1ab60acb7a1c304b7bc0628f4eca92b063cb91d2d1,84ceab258f568ecb023a1b1ab60acb7a1c304b7bc0628f4eca92b063cb91d2d1,8192,8192,1024,1.0,True,[ERROR] Failed to run BiShengIR regbase pipeline
triton.language.atomic_add.ttadapter,0,0.043133,1,False,False,0,False,0,0,0,0,,,32768,32768,4096,4.0,True,[ERROR] Failed to run BiShengIR regbase pipeline
triton.language.atomic_add.ttadapter,1,0.052383,1,False,True,1,False,0,0,0,0,84ceab258f568ecb023a1b1ab60acb7a1c304b7bc0628f4eca92b063cb91d2d1,84ceab258f568ecb023a1b1ab60acb7a1c304b7bc0628f4eca92b063cb91d2d1,32768,32768,4096,4.0,True,[ERROR] Failed to run BiShengIR regbase pipeline
triton.language.atomic_add.ttadapter,2,0.043827,1,False,True,1,False,0,0,0,0,84ceab258f568ecb023a1b1ab60acb7a1c304b7bc0628f4eca92b063cb91d2d1,84ceab258f568ecb023a1b1ab60acb7a1c304b7bc0628f4eca92b063cb91d2d1,32768,32768,4096,4.0,True,[ERROR] Failed to run BiShengIR regbase pipeline
triton.language.atomic_and.ttadapter,0,0.047219,1,False,False,0,False,0,0,0,0,,,49152,49152,6144,6.0,True,[ERROR] Failed to run BiShengIR regbase pipeline
triton.language.atomic_and.ttadapter,1,0.051954,1,False,True,1,False,0,0,0,0,84ceab258f568ecb023a1b1ab60acb7a1c304b7bc0628f4eca92b063cb91d2d1,84ceab258f568ecb023a1b1ab60acb7a1c304b7bc0628f4eca92b063cb91d2d1,49152,49152,6144,6.0,True,[ERROR] Failed to run BiShengIR regbase pipeline
triton.language.atomic_and.ttadapter,2,0.052822,1,False,True,1,False,0,0,0,0,84ceab258f568ecb023a1b1ab60acb7a1c304b7bc0628f4eca92b063cb91d2d1,84ceab258f568ecb023a1b1ab60acb7a1c304b7bc0628f4eca92b063cb91d2d1,49152,49152,6144,6.0,True,[ERROR] Failed to run BiShengIR regbase pipeline
triton.language.atomic_cas.ttadapter,0,0.056259,-11,False,False,0,False,0,0,0,0,,,,,,,False,
triton.language.atomic_cas.ttadapter,1,0.062856,-11,False,False,0,False,0,0,0,0,,,,,,,False,
triton.language.atomic_cas.ttadapter,2,0.066443,-11,False,False,0,False,0,0,0,0,,,,,,,False,
triton.language.atomic_max.ttadapter,0,0.039272,1,False,False,0,False,0,0,0,0,,,256,256,32,0.03125,True,[ERROR] Failed to run BiShengIR regbase pipeline
triton.language.atomic_max.ttadapter,1,0.041736,1,False,True,1,False,0,0,0,0,84ceab258f568ecb023a1b1ab60acb7a1c304b7bc0628f4eca92b063cb91d2d1,84ceab258f568ecb023a1b1ab60acb7a1c304b7bc0628f4eca92b063cb91d2d1,256,256,32,0.03125,True,[ERROR] Failed to run BiShengIR regbase pipeline
triton.language.atomic_max.ttadapter,2,0.040791,1,False,True,1,False,0,0,0,0,84ceab258f568ecb023a1b1ab60acb7a1c304b7bc0628f4eca92b063cb91d2d1,84ceab258f568ecb023a1b1ab60acb7a1c304b7bc0628f4eca92b063cb91d2d1,256,256,32,0.03125,True,[ERROR] Failed to run BiShengIR regbase pipeline
triton.language.atomic_min.ttadapter,0,0.048924,1,False,False,0,False,0,0,0,0,,,256,256,32,0.03125,True,[ERROR] Failed to run BiShengIR regbase pipeline
triton.language.atomic_min.ttadapter,1,0.045553,1,False,True,1,False,0,0,0,0,84ceab258f568ecb023a1b1ab60acb7a1c304b7bc0628f4eca92b063cb91d2d1,84ceab258f568ecb023a1b1ab60acb7a1c304b7bc0628f4eca92b063cb91d2d1,256,256,32,0.03125,True,[ERROR] Failed to run BiShengIR regbase pipeline
triton.language.atomic_min.ttadapter,2,0.039172,1,False,True,1,False,0,0,0,0,84ceab258f568ecb023a1b1ab60acb7a1c304b7bc0628f4eca92b063cb91d2d1,84ceab258f568ecb023a1b1ab60acb7a1c304b7bc0628f4eca92b063cb91d2d1,256,256,32,0.03125,True,[ERROR] Failed to run BiShengIR regbase pipeline
triton.language.atomic_or.ttadapter,0,0.058581,1,False,False,0,False,0,0,0,0,,,49152,49152,6144,6.0,True,[ERROR] Failed to run BiShengIR regbase pipeline
triton.language.atomic_or.ttadapter,1,0.050601,1,False,True,1,False,0,0,0,0,84ceab258f568ecb023a1b1ab60acb7a1c304b7bc0628f4eca92b063cb91d2d1,84ceab258f568ecb023a1b1ab60acb7a1c304b7bc0628f4eca92b063cb91d2d1,49152,49152,6144,6.0,True,[ERROR] Failed to run BiShengIR regbase pipeline
triton.language.atomic_or.ttadapter,2,0.060962,1,False,True,1,False,0,0,0,0,84ceab258f568ecb023a1b1ab60acb7a1c304b7bc0628f4eca92b063cb91d2d1,84ceab258f568ecb023a1b1ab60acb7a1c304b7bc0628f4eca92b063cb91d2d1,49152,49152,6144,6.0,True,[ERROR] Failed to run BiShengIR regbase pipeline
triton.language.atomic_xchg.ttadapter,0,0.052901,-11,False,False,0,False,0,0,0,0,,,,,,,False,
triton.language.atomic_xchg.ttadapter,1,0.058566,-11,False,False,0,False,0,0,0,0,,,,,,,False,
triton.language.atomic_xchg.ttadapter,2,0.065163,-11,False,False,0,False,0,0,0,0,,,,,,,False,
triton.language.atomic_xor.ttadapter,0,0.056153,1,False,False,0,False,0,0,0,0,,,81920,81920,10240,10.0,True,[ERROR] Failed to run BiShengIR regbase pipeline
triton.language.atomic_xor.ttadapter,1,0.051606,1,False,True,1,False,0,0,0,0,84ceab258f568ecb023a1b1ab60acb7a1c304b7bc0628f4eca92b063cb91d2d1,84ceab258f568ecb023a1b1ab60acb7a1c304b7bc0628f4eca92b063cb91d2d1,81920,81920,10240,10.0,True,[ERROR] Failed to run BiShengIR regbase pipeline
triton.language.atomic_xor.ttadapter,2,0.061227,1,False,True,1,False,0,0,0,0,84ceab258f568ecb023a1b1ab60acb7a1c304b7bc0628f4eca92b063cb91d2d1,84ceab258f568ecb023a1b1ab60acb7a1c304b7bc0628f4eca92b063cb91d2d1,81920,81920,10240,10.0,True,[ERROR] Failed to run BiShengIR regbase pipeline
triton.language.broadcast_to.ttadapter,0,0.043112,1,False,False,0,False,0,0,0,0,,,4608,4608,576,0.5625,True,[ERROR] Failed to run BiShengIR regbase pipeline
triton.language.broadcast_to.ttadapter,1,0.057594,1,False,True,1,False,0,0,0,0,84ceab258f568ecb023a1b1ab60acb7a1c304b7bc0628f4eca92b063cb91d2d1,84ceab258f568ecb023a1b1ab60acb7a1c304b7bc0628f4eca92b063cb91d2d1,4608,4608,576,0.5625,True,[ERROR] Failed to run BiShengIR regbase pipeline
triton.language.broadcast_to.ttadapter,2,0.054548,1,False,True,1,False,0,0,0,0,84ceab258f568ecb023a1b1ab60acb7a1c304b7bc0628f4eca92b063cb91d2d1,84ceab258f568ecb023a1b1ab60acb7a1c304b7bc0628f4eca92b063cb91d2d1,4608,4608,576,0.5625,True,[ERROR] Failed to run BiShengIR regbase pipeline
triton.language.cast.ttadapter,0,0.037002,1,False,False,0,False,0,0,0,0,,,256,256,32,0.03125,True,[ERROR] Failed to run BiShengIR regbase pipeline
triton.language.cast.ttadapter,1,0.047948,1,False,True,1,False,0,0,0,0,84ceab258f568ecb023a1b1ab60acb7a1c304b7bc0628f4eca92b063cb91d2d1,84ceab258f568ecb023a1b1ab60acb7a1c304b7bc0628f4eca92b063cb91d2d1,256,256,32,0.03125,True,[ERROR] Failed to run BiShengIR regbase pipeline
triton.language.cast.ttadapter,2,0.047904,1,False,True,1,False,0,0,0,0,84ceab258f568ecb023a1b1ab60acb7a1c304b7bc0628f4eca92b063cb91d2d1,84ceab258f568ecb023a1b1ab60acb7a1c304b7bc0628f4eca92b063cb91d2d1,256,256,32,0.03125,True,[ERROR] Failed to run BiShengIR regbase pipeline
triton.language.cat.ttadapter,0,0.034199,1,False,False,0,False,0,0,0,0,,,1024,1024,128,0.125,True,[ERROR] Failed to run BiShengIR regbase pipeline
triton.language.cat.ttadapter,1,0.041655,1,False,True,1,False,0,0,0,0,84ceab258f568ecb023a1b1ab60acb7a1c304b7bc0628f4eca92b063cb91d2d1,84ceab258f568ecb023a1b1ab60acb7a1c304b7bc0628f4eca92b063cb91d2d1,1024,1024,128,0.125,True,[ERROR] Failed to run BiShengIR regbase pipeline
triton.language.cat.ttadapter,2,0.038936,1,False,True,1,False,0,0,0,0,84ceab258f568ecb023a1b1ab60acb7a1c304b7bc0628f4eca92b063cb91d2d1,84ceab258f568ecb023a1b1ab60acb7a1c304b7bc0628f4eca92b063cb91d2d1,1024,1024,128,0.125,True,[ERROR] Failed to run BiShengIR regbase pipeline
triton.language.cdiv.ttadapter,0,0.048166,1,False,False,0,False,0,0,0,0,,,4096,4096,512,0.5,True,[ERROR] Failed to run BiShengIR regbase pipeline
triton.language.cdiv.ttadapter,1,0.059942,1,False,True,1,False,0,0,0,0,84ceab258f568ecb023a1b1ab60acb7a1c304b7bc0628f4eca92b063cb91d2d1,84ceab258f568ecb023a1b1ab60acb7a1c304b7bc0628f4eca92b063cb91d2d1,4096,4096,512,0.5,True,[ERROR] Failed to run BiShengIR regbase pipeline
triton.language.cdiv.ttadapter,2,0.050917,1,False,True,1,False,0,0,0,0,84ceab258f568ecb023a1b1ab60acb7a1c304b7bc0628f4eca92b063cb91d2d1,84ceab258f568ecb023a1b1ab60acb7a1c304b7bc0628f4eca92b063cb91d2d1,4096,4096,512,0.5,True,[ERROR] Failed to run BiShengIR regbase pipeline
triton.language.ceil.ttadapter,0,0.054021,1,False,False,0,False,0,0,0,0,,,2048,2048,256,0.25,True,[ERROR] Failed to run BiShengIR regbase pipeline
triton.language.ceil.ttadapter,1,0.057459,1,False,True,1,False,0,0,0,0,84ceab258f568ecb023a1b1ab60acb7a1c304b7bc0628f4eca92b063cb91d2d1,84ceab258f568ecb023a1b1ab60acb7a1c304b7bc0628f4eca92b063cb91d2d1,2048,2048,256,0.25,True,[ERROR] Failed to run BiShengIR regbase pipeline
triton.language.ceil.ttadapter,2,0.04775,1,False,True,1,False,0,0,0,0,84ceab258f568ecb023a1b1ab60acb7a1c304b7bc0628f4eca92b063cb91d2d1,84ceab258f568ecb023a1b1ab60acb7a1c304b7bc0628f4eca92b063cb91d2d1,2048,2048,256,0.25,True,[ERROR] Failed to run BiShengIR regbase pipeline
triton.language.clamp.ttadapter,0,0.059245,1,False,False,0,False,0,0,0,0,,,3072,3072,384,0.375,True,[ERROR] Failed to run BiShengIR regbase pipeline
triton.language.clamp.ttadapter,1,0.055337,1,False,True,1,False,0,0,0,0,84ceab258f568ecb023a1b1ab60acb7a1c304b7bc0628f4eca92b063cb91d2d1,84ceab258f568ecb023a1b1ab60acb7a1c304b7bc0628f4eca92b063cb91d2d1,3072,3072,384,0.375,True,[ERROR] Failed to run BiShengIR regbase pipeline
triton.language.clamp.ttadapter,2,0.067455,1,False,True,1,False,0,0,0,0,84ceab258f568ecb023a1b1ab60acb7a1c304b7bc0628f4eca92b063cb91d2d1,84ceab258f568ecb023a1b1ab60acb7a1c304b7bc0628f4eca92b063cb91d2d1,3072,3072,384,0.375,True,[ERROR] Failed to run BiShengIR regbase pipeline
triton.language.cos.ttadapter,0,0.059735,1,False,False,0,False,0,0,0,0,,,12288,12288,1536,1.5,True,[ERROR] Failed to run BiShengIR regbase pipeline
triton.language.cos.ttadapter,1,0.080431,1,False,True,1,False,0,0,0,0,84ceab258f568ecb023a1b1ab60acb7a1c304b7bc0628f4eca92b063cb91d2d1,84ceab258f568ecb023a1b1ab60acb7a1c304b7bc0628f4eca92b063cb91d2d1,12288,12288,1536,1.5,True,[ERROR] Failed to run BiShengIR regbase pipeline
triton.language.cos.ttadapter,2,0.05984,1,False,True,1,False,0,0,0,0,84ceab258f568ecb023a1b1ab60acb7a1c304b7bc0628f4eca92b063cb91d2d1,84ceab258f568ecb023a1b1ab60acb7a1c304b7bc0628f4eca92b063cb91d2d1,12288,12288,1536,1.5,True,[ERROR] Failed to run BiShengIR regbase pipeline
triton.language.cumprod.ttadapter,0,0.037345,1,False,False,0,False,0,0,0,0,,,2048,2048,256,0.25,True,[ERROR] Failed to run BiShengIR regbase pipeline
triton.language.cumprod.ttadapter,1,0.040539,1,False,True,1,False,0,0,0,0,84ceab258f568ecb023a1b1ab60acb7a1c304b7bc0628f4eca92b063cb91d2d1,84ceab258f568ecb023a1b1ab60acb7a1c304b7bc0628f4eca92b063cb91d2d1,2048,2048,256,0.25,True,[ERROR] Failed to run BiShengIR regbase pipeline
triton.language.cumprod.ttadapter,2,0.036693,1,False,True,1,False,0,0,0,0,84ceab258f568ecb023a1b1ab60acb7a1c304b7bc0628f4eca92b063cb91d2d1,84ceab258f568ecb023a1b1ab60acb7a1c304b7bc0628f4eca92b063cb91d2d1,2048,2048,256,0.25,True,[ERROR] Failed to run BiShengIR regbase pipeline
triton.language.cumsum.ttadapter,0,0.033781,1,False,False,0,False,0,0,0,0,,,2048,2048,256,0.25,True,[ERROR] Failed to run BiShengIR regbase pipeline
triton.language.cumsum.ttadapter,1,0.037898,1,False,True,1,False,0,0,0,0,84ceab258f568ecb023a1b1ab60acb7a1c304b7bc0628f4eca92b063cb91d2d1,84ceab258f568ecb023a1b1ab60acb7a1c304b7bc0628f4eca92b063cb91d2d1,2048,2048,256,0.25,True,[ERROR] Failed to run BiShengIR regbase pipeline
triton.language.cumsum.ttadapter,2,0.042642,1,False,True,1,False,0,0,0,0,84ceab258f568ecb023a1b1ab60acb7a1c304b7bc0628f4eca92b063cb91d2d1,84ceab258f568ecb023a1b1ab60acb7a1c304b7bc0628f4eca92b063cb91d2d1,2048,2048,256,0.25,True,[ERROR] Failed to run BiShengIR regbase pipeline
triton.language.debug_barrier.ttadapter,0,0.046384,1,False,False,0,False,0,0,0,0,,,4096,4096,512,0.5,True,[ERROR] Failed to run BiShengIR regbase pipeline
triton.language.debug_barrier.ttadapter,1,0.049384,1,False,True,1,False,0,0,0,0,84ceab258f568ecb023a1b1ab60acb7a1c304b7bc0628f4eca92b063cb91d2d1,84ceab258f568ecb023a1b1ab60acb7a1c304b7bc0628f4eca92b063cb91d2d1,4096,4096,512,0.5,True,[ERROR] Failed to run BiShengIR regbase pipeline
triton.language.debug_barrier.ttadapter,2,0.049964,1,False,True,1,False,0,0,0,0,84ceab258f568ecb023a1b1ab60acb7a1c304b7bc0628f4eca92b063cb91d2d1,84ceab258f568ecb023a1b1ab60acb7a1c304b7bc0628f4eca92b063cb91d2d1,4096,4096,512,0.5,True,[ERROR] Failed to run BiShengIR regbase pipeline
triton.language.device_assert.ttadapter,0,0.041257,1,False,False,0,False,0,0,0,0,,,256,256,32,0.03125,True,[ERROR] Failed to run BiShengIR regbase pipeline
triton.language.device_assert.ttadapter,1,0.037243,1,False,True,1,False,0,0,0,0,84ceab258f568ecb023a1b1ab60acb7a1c304b7bc0628f4eca92b063cb91d2d1,84ceab258f568ecb023a1b1ab60acb7a1c304b7bc0628f4eca92b063cb91d2d1,256,256,32,0.03125,True,[ERROR] Failed to run BiShengIR regbase pipeline
triton.language.device_assert.ttadapter,2,0.046116,1,False,True,1,False,0,0,0,0,84ceab258f568ecb023a1b1ab60acb7a1c304b7bc0628f4eca92b063cb91d2d1,84ceab258f568ecb023a1b1ab60acb7a1c304b7bc0628f4eca92b063cb91d2d1,256,256,32,0.03125,True,[ERROR] Failed to run BiShengIR regbase pipeline
triton.language.device_print.ttadapter,0,0.034963,1,False,False,0,False,0,0,0,0,,,256,256,32,0.03125,True,[ERROR] Failed to run BiShengIR regbase pipeline
triton.language.device_print.ttadapter,1,0.033928,1,False,True,1,False,0,0,0,0,84ceab258f568ecb023a1b1ab60acb7a1c304b7bc0628f4eca92b063cb91d2d1,84ceab258f568ecb023a1b1ab60acb7a1c304b7bc0628f4eca92b063cb91d2d1,256,256,32,0.03125,True,[ERROR] Failed to run BiShengIR regbase pipeline
triton.language.device_print.ttadapter,2,0.044397,1,False,True,1,False,0,0,0,0,84ceab258f568ecb023a1b1ab60acb7a1c304b7bc0628f4eca92b063cb91d2d1,84ceab258f568ecb023a1b1ab60acb7a1c304b7bc0628f4eca92b063cb91d2d1,256,256,32,0.03125,True,[ERROR] Failed to run BiShengIR regbase pipeline
triton.language.div_rn.ttadapter,0,0.050181,1,False,False,0,False,0,0,0,0,,,4096,4096,512,0.5,True,[ERROR] Failed to run BiShengIR regbase pipeline
triton.language.div_rn.ttadapter,1,0.054859,1,False,True,1,False,0,0,0,0,84ceab258f568ecb023a1b1ab60acb7a1c304b7bc0628f4eca92b063cb91d2d1,84ceab258f568ecb023a1b1ab60acb7a1c304b7bc0628f4eca92b063cb91d2d1,4096,4096,512,0.5,True,[ERROR] Failed to run BiShengIR regbase pipeline
triton.language.div_rn.ttadapter,2,0.040711,1,False,True,1,False,0,0,0,0,84ceab258f568ecb023a1b1ab60acb7a1c304b7bc0628f4eca92b063cb91d2d1,84ceab258f568ecb023a1b1ab60acb7a1c304b7bc0628f4eca92b063cb91d2d1,4096,4096,512,0.5,True,[ERROR] Failed to run BiShengIR regbase pipeline
triton.language.dot.ttadapter,0,0.036608,1,False,False,0,False,0,0,0,0,,,,,,,False,[ERROR] Failed to run BiShengIR regbase pipeline
triton.language.dot.ttadapter,1,0.04289,1,False,True,1,False,0,0,0,0,0910d9e5788bab2d7e4753f2d12b97f8d93df500ea19717e98c54f89bc006f11,0910d9e5788bab2d7e4753f2d12b97f8d93df500ea19717e98c54f89bc006f11,,,,,False,[ERROR] Failed to run BiShengIR regbase pipeline
triton.language.dot.ttadapter,2,0.046304,1,False,True,1,False,0,0,0,0,0910d9e5788bab2d7e4753f2d12b97f8d93df500ea19717e98c54f89bc006f11,0910d9e5788bab2d7e4753f2d12b97f8d93df500ea19717e98c54f89bc006f11,,,,,False,[ERROR] Failed to run BiShengIR regbase pipeline
triton.language.dot_scaled.ttadapter,0,0.101949,1,False,False,0,False,0,0,0,0,,,25600,25600,3200,3.125,True,[ERROR] Failed to run BiShengIR regbase pipeline
triton.language.dot_scaled.ttadapter,1,0.098477,1,False,True,1,False,0,0,0,0,75786cb3f9e2ec5e3f8b18a5b7a4f90726cf39ff74194108b8238f2414c914b5,75786cb3f9e2ec5e3f8b18a5b7a4f90726cf39ff74194108b8238f2414c914b5,25600,25600,3200,3.125,True,[ERROR] Failed to run BiShengIR regbase pipeline
triton.language.dot_scaled.ttadapter,2,0.103636,1,False,True,1,False,0,0,0,0,75786cb3f9e2ec5e3f8b18a5b7a4f90726cf39ff74194108b8238f2414c914b5,75786cb3f9e2ec5e3f8b18a5b7a4f90726cf39ff74194108b8238f2414c914b5,25600,25600,3200,3.125,True,[ERROR] Failed to run BiShengIR regbase pipeline
triton.language.eq.ttadapter,0,0.052502,1,False,False,0,False,0,0,0,0,,,2304,2304,288,0.28125,True,[ERROR] Failed to run BiShengIR regbase pipeline
triton.language.eq.ttadapter,1,0.070224,1,False,True,1,False,0,0,0,0,84ceab258f568ecb023a1b1ab60acb7a1c304b7bc0628f4eca92b063cb91d2d1,84ceab258f568ecb023a1b1ab60acb7a1c304b7bc0628f4eca92b063cb91d2d1,2304,2304,288,0.28125,True,[ERROR] Failed to run BiShengIR regbase pipeline
triton.language.eq.ttadapter,2,0.056978,1,False,True,1,False,0,0,0,0,84ceab258f568ecb023a1b1ab60acb7a1c304b7bc0628f4eca92b063cb91d2d1,84ceab258f568ecb023a1b1ab60acb7a1c304b7bc0628f4eca92b063cb91d2d1,2304,2304,288,0.28125,True,[ERROR] Failed to run BiShengIR regbase pipeline
triton.language.erf.ttadapter,0,0.05221,1,False,False,0,False,0,0,0,0,,,2048,2048,256,0.25,True,[ERROR] Failed to run BiShengIR regbase pipeline
triton.language.erf.ttadapter,1,0.058637,1,False,True,1,False,0,0,0,0,84ceab258f568ecb023a1b1ab60acb7a1c304b7bc0628f4eca92b063cb91d2d1,84ceab258f568ecb023a1b1ab60acb7a1c304b7bc0628f4eca92b063cb91d2d1,2048,2048,256,0.25,True,[ERROR] Failed to run BiShengIR regbase pipeline
triton.language.erf.ttadapter,2,0.051703,1,False,True,1,False,0,0,0,0,84ceab258f568ecb023a1b1ab60acb7a1c304b7bc0628f4eca92b063cb91d2d1,84ceab258f568ecb023a1b1ab60acb7a1c304b7bc0628f4eca92b063cb91d2d1,2048,2048,256,0.25,True,[ERROR] Failed to run BiShengIR regbase pipeline
triton.language.exp.ttadapter,0,0.052866,1,False,False,0,False,0,0,0,0,,,2048,2048,256,0.25,True,[ERROR] Failed to run BiShengIR regbase pipeline
triton.language.exp.ttadapter,1,0.049469,1,False,True,1,False,0,0,0,0,84ceab258f568ecb023a1b1ab60acb7a1c304b7bc0628f4eca92b063cb91d2d1,84ceab258f568ecb023a1b1ab60acb7a1c304b7bc0628f4eca92b063cb91d2d1,2048,2048,256,0.25,True,[ERROR] Failed to run BiShengIR regbase pipeline
triton.language.exp.ttadapter,2,0.049858,1,False,True,1,False,0,0,0,0,84ceab258f568ecb023a1b1ab60acb7a1c304b7bc0628f4eca92b063cb91d2d1,84ceab258f568ecb023a1b1ab60acb7a1c304b7bc0628f4eca92b063cb91d2d1,2048,2048,256,0.25,True,[ERROR] Failed to run BiShengIR regbase pipeline
triton.language.exp2.ttadapter,0,0.048946,1,False,False,0,False,0,0,0,0,,,2048,2048,256,0.25,True,[ERROR] Failed to run BiShengIR regbase pipeline
triton.language.exp2.ttadapter,1,0.044386,1,False,True,1,False,0,0,0,0,84ceab258f568ecb023a1b1ab60acb7a1c304b7bc0628f4eca92b063cb91d2d1,84ceab258f568ecb023a1b1ab60acb7a1c304b7bc0628f4eca92b063cb91d2d1,2048,2048,256,0.25,True,[ERROR] Failed to run BiShengIR regbase pipeline
triton.language.exp2.ttadapter,2,0.040438,1,False,True,1,False,0,0,0,0,84ceab258f568ecb023a1b1ab60acb7a1c304b7bc0628f4eca92b063cb91d2d1,84ceab258f568ecb023a1b1ab60acb7a1c304b7bc0628f4eca92b063cb91d2d1,2048,2048,256,0.25,True,[ERROR] Failed to run BiShengIR regbase pipeline
triton.language.expand_dims.ttadapter,0,0.039992,1,False,False,0,False,0,0,0,0,,,256,256,32,0.03125,True,[ERROR] Failed to run BiShengIR regbase pipeline
triton.language.expand_dims.ttadapter,1,0.032481,1,False,True,1,False,0,0,0,0,84ceab258f568ecb023a1b1ab60acb7a1c304b7bc0628f4eca92b063cb91d2d1,84ceab258f568ecb023a1b1ab60acb7a1c304b7bc0628f4eca92b063cb91d2d1,256,256,32,0.03125,True,[ERROR] Failed to run BiShengIR regbase pipeline
triton.language.expand_dims.ttadapter,2,0.033074,1,False,True,1,False,0,0,0,0,84ceab258f568ecb023a1b1ab60acb7a1c304b7bc0628f4eca92b063cb91d2d1,84ceab258f568ecb023a1b1ab60acb7a1c304b7bc0628f4eca92b063cb91d2d1,256,256,32,0.03125,True,[ERROR] Failed to run BiShengIR regbase pipeline
triton.language.extra.cann.extension.extract_slice.ttadapter,0,0.069547,1,False,False,0,False,0,0,0,0,,,66560,66560,8320,8.125,True,[ERROR] Failed to run BiShengIR regbase pipeline
triton.language.extra.cann.extension.extract_slice.ttadapter,1,0.066091,1,False,True,1,False,0,0,0,0,84ceab258f568ecb023a1b1ab60acb7a1c304b7bc0628f4eca92b063cb91d2d1,84ceab258f568ecb023a1b1ab60acb7a1c304b7bc0628f4eca92b063cb91d2d1,66560,66560,8320,8.125,True,[ERROR] Failed to run BiShengIR regbase pipeline
triton.language.extra.cann.extension.extract_slice.ttadapter,2,0.052228,1,False,True,1,False,0,0,0,0,84ceab258f568ecb023a1b1ab60acb7a1c304b7bc0628f4eca92b063cb91d2d1,84ceab258f568ecb023a1b1ab60acb7a1c304b7bc0628f4eca92b063cb91d2d1,66560,66560,8320,8.125,True,[ERROR] Failed to run BiShengIR regbase pipeline
triton.language.extra.cann.extension.gather_out_to_ub.ttadapter,0,0.068462,-6,False,False,0,False,0,0,0,0,,,,,,,False,LLVM ERROR: Failed to obtain op buffer shape size which should be static.
triton.language.extra.cann.extension.gather_out_to_ub.ttadapter,1,0.073921,-6,False,True,1,False,0,0,0,0,84ceab258f568ecb023a1b1ab60acb7a1c304b7bc0628f4eca92b063cb91d2d1,84ceab258f568ecb023a1b1ab60acb7a1c304b7bc0628f4eca92b063cb91d2d1,,,,,False,LLVM ERROR: Failed to obtain op buffer shape size which should be static.
triton.language.extra.cann.extension.gather_out_to_ub.ttadapter,2,0.079178,-6,False,True,1,False,0,0,0,0,84ceab258f568ecb023a1b1ab60acb7a1c304b7bc0628f4eca92b063cb91d2d1,84ceab258f568ecb023a1b1ab60acb7a1c304b7bc0628f4eca92b063cb91d2d1,,,,,False,LLVM ERROR: Failed to obtain op buffer shape size which should be static.
triton.language.extra.cann.extension.get_element.ttadapter,0,0.056922,1,False,False,0,False,0,0,0,0,,,177920,177920,22240,21.71875,True,[ERROR] Failed to run BiShengIR regbase pipeline
triton.language.extra.cann.extension.get_element.ttadapter,1,0.05586,1,False,True,1,False,0,0,0,0,84ceab258f568ecb023a1b1ab60acb7a1c304b7bc0628f4eca92b063cb91d2d1,84ceab258f568ecb023a1b1ab60acb7a1c304b7bc0628f4eca92b063cb91d2d1,177920,177920,22240,21.71875,True,[ERROR] Failed to run BiShengIR regbase pipeline
triton.language.extra.cann.extension.get_element.ttadapter,2,0.072354,1,False,True,1,False,0,0,0,0,84ceab258f568ecb023a1b1ab60acb7a1c304b7bc0628f4eca92b063cb91d2d1,84ceab258f568ecb023a1b1ab60acb7a1c304b7bc0628f4eca92b063cb91d2d1,177920,177920,22240,21.71875,True,[ERROR] Failed to run BiShengIR regbase pipeline
triton.language.extra.cann.extension.index_put.ttadapter,0,0.073606,-6,False,False,0,False,0,0,0,0,,,,,,,False,LLVM ERROR: Failed to obtain op buffer shape size which should be static.
triton.language.extra.cann.extension.index_put.ttadapter,1,0.085274,-6,False,True,1,False,0,0,0,0,84ceab258f568ecb023a1b1ab60acb7a1c304b7bc0628f4eca92b063cb91d2d1,84ceab258f568ecb023a1b1ab60acb7a1c304b7bc0628f4eca92b063cb91d2d1,,,,,False,LLVM ERROR: Failed to obtain op buffer shape size which should be static.
triton.language.extra.cann.extension.index_put.ttadapter,2,0.072249,-6,False,True,1,False,0,0,0,0,84ceab258f568ecb023a1b1ab60acb7a1c304b7bc0628f4eca92b063cb91d2d1,84ceab258f568ecb023a1b1ab60acb7a1c304b7bc0628f4eca92b063cb91d2d1,,,,,False,LLVM ERROR: Failed to obtain op buffer shape size which should be static.
triton.language.extra.cann.extension.insert_slice.ttadapter,0,0.063326,1,False,False,0,False,0,0,0,0,,,99328,99328,12416,12.125,True,[ERROR] Failed to run BiShengIR regbase pipeline
triton.language.extra.cann.extension.insert_slice.ttadapter,1,0.091948,1,False,True,1,False,0,0,0,0,84ceab258f568ecb023a1b1ab60acb7a1c304b7bc0628f4eca92b063cb91d2d1,84ceab258f568ecb023a1b1ab60acb7a1c304b7bc0628f4eca92b063cb91d2d1,99328,99328,12416,12.125,True,[ERROR] Failed to run BiShengIR regbase pipeline
triton.language.extra.cann.extension.insert_slice.ttadapter,2,0.061759,1,False,True,1,False,0,0,0,0,84ceab258f568ecb023a1b1ab60acb7a1c304b7bc0628f4eca92b063cb91d2d1,84ceab258f568ecb023a1b1ab60acb7a1c304b7bc0628f4eca92b063cb91d2d1,99328,99328,12416,12.125,True,[ERROR] Failed to run BiShengIR regbase pipeline
triton.language.extra.cann.extension.parallel.ttadapter,0,0.04308,1,False,False,0,False,0,0,0,0,,,786432,786432,98304,96.0,True,[ERROR] Failed to run BiShengIR regbase pipeline
triton.language.extra.cann.extension.parallel.ttadapter,1,0.055395,1,False,True,1,False,0,0,0,0,84ceab258f568ecb023a1b1ab60acb7a1c304b7bc0628f4eca92b063cb91d2d1,84ceab258f568ecb023a1b1ab60acb7a1c304b7bc0628f4eca92b063cb91d2d1,786432,786432,98304,96.0,True,[ERROR] Failed to run BiShengIR regbase pipeline
triton.language.extra.cann.extension.parallel.ttadapter,2,0.044575,1,False,True,1,False,0,0,0,0,84ceab258f568ecb023a1b1ab60acb7a1c304b7bc0628f4eca92b063cb91d2d1,84ceab258f568ecb023a1b1ab60acb7a1c304b7bc0628f4eca92b063cb91d2d1,786432,786432,98304,96.0,True,[ERROR] Failed to run BiShengIR regbase pipeline
triton.language.extra.cann.extension.scatter_ub_to_out.ttadapter,0,0.082683,-6,False,False,0,False,0,0,0,0,,,,,,,False,LLVM ERROR: Failed to obtain op buffer shape size which should be static.
triton.language.extra.cann.extension.scatter_ub_to_out.ttadapter,1,0.073257,-6,False,True,1,False,0,0,0,0,84ceab258f568ecb023a1b1ab60acb7a1c304b7bc0628f4eca92b063cb91d2d1,84ceab258f568ecb023a1b1ab60acb7a1c304b7bc0628f4eca92b063cb91d2d1,,,,,False,LLVM ERROR: Failed to obtain op buffer shape size which should be static.
triton.language.extra.cann.extension.scatter_ub_to_out.ttadapter,2,0.074568,-6,False,True,1,False,0,0,0,0,84ceab258f568ecb023a1b1ab60acb7a1c304b7bc0628f4eca92b063cb91d2d1,84ceab258f568ecb023a1b1ab60acb7a1c304b7bc0628f4eca92b063cb91d2d1,,,,,False,LLVM ERROR: Failed to obtain op buffer shape size which should be static.
triton.language.extra.cann.extension.sort.ttadapter,0,0.033078,1,False,False,0,False,0,0,0,0,,,21504,21504,2688,2.625,True,[ERROR] Failed to run BiShengIR regbase pipeline
triton.language.extra.cann.extension.sort.ttadapter,1,0.03406,1,False,True,1,False,0,0,0,0,84ceab258f568ecb023a1b1ab60acb7a1c304b7bc0628f4eca92b063cb91d2d1,84ceab258f568ecb023a1b1ab60acb7a1c304b7bc0628f4eca92b063cb91d2d1,21504,21504,2688,2.625,True,[ERROR] Failed to run BiShengIR regbase pipeline
triton.language.extra.cann.extension.sort.ttadapter,2,0.043491,1,False,True,1,False,0,0,0,0,84ceab258f568ecb023a1b1ab60acb7a1c304b7bc0628f4eca92b063cb91d2d1,84ceab258f568ecb023a1b1ab60acb7a1c304b7bc0628f4eca92b063cb91d2d1,21504,21504,2688,2.625,True,[ERROR] Failed to run BiShengIR regbase pipeline
triton.language.extra.cann.extension.sync_block_all.ttadapter,0,0.037475,1,False,False,0,False,0,0,0,0,,,,,,,False,[ERROR] Failed to run BiShengIR regbase pipeline
triton.language.extra.cann.extension.sync_block_all.ttadapter,1,0.041274,1,False,True,1,False,0,0,0,0,84ceab258f568ecb023a1b1ab60acb7a1c304b7bc0628f4eca92b063cb91d2d1,84ceab258f568ecb023a1b1ab60acb7a1c304b7bc0628f4eca92b063cb91d2d1,,,,,False,[ERROR] Failed to run BiShengIR regbase pipeline
triton.language.extra.cann.extension.sync_block_all.ttadapter,2,0.043854,1,False,True,1,False,0,0,0,0,84ceab258f568ecb023a1b1ab60acb7a1c304b7bc0628f4eca92b063cb91d2d1,84ceab258f568ecb023a1b1ab60acb7a1c304b7bc0628f4eca92b063cb91d2d1,,,,,False,[ERROR] Failed to run BiShengIR regbase pipeline
triton.language.fdiv.ttadapter,0,0.051835,1,False,False,0,False,0,0,0,0,,,4096,4096,512,0.5,True,[ERROR] Failed to run BiShengIR regbase pipeline
triton.language.fdiv.ttadapter,1,0.059404,1,False,True,1,False,0,0,0,0,84ceab258f568ecb023a1b1ab60acb7a1c304b7bc0628f4eca92b063cb91d2d1,84ceab258f568ecb023a1b1ab60acb7a1c304b7bc0628f4eca92b063cb91d2d1,4096,4096,512,0.5,True,[ERROR] Failed to run BiShengIR regbase pipeline
triton.language.fdiv.ttadapter,2,0.057116,1,False,True,1,False,0,0,0,0,84ceab258f568ecb023a1b1ab60acb7a1c304b7bc0628f4eca92b063cb91d2d1,84ceab258f568ecb023a1b1ab60acb7a1c304b7bc0628f4eca92b063cb91d2d1,4096,4096,512,0.5,True,[ERROR] Failed to run BiShengIR regbase pipeline
triton.language.flip.ttadapter,0,0.159117,1,False,False,0,False,0,0,0,0,,,196608,196608,24576,24.0,True,[ERROR] Failed to run BiShengIR regbase pipeline
triton.language.flip.ttadapter,1,0.172495,1,False,True,1,False,0,0,0,0,84ceab258f568ecb023a1b1ab60acb7a1c304b7bc0628f4eca92b063cb91d2d1,84ceab258f568ecb023a1b1ab60acb7a1c304b7bc0628f4eca92b063cb91d2d1,196608,196608,24576,24.0,True,[ERROR] Failed to run BiShengIR regbase pipeline
triton.language.flip.ttadapter,2,0.155471,1,False,True,1,False,0,0,0,0,84ceab258f568ecb023a1b1ab60acb7a1c304b7bc0628f4eca92b063cb91d2d1,84ceab258f568ecb023a1b1ab60acb7a1c304b7bc0628f4eca92b063cb91d2d1,196608,196608,24576,24.0,True,[ERROR] Failed to run BiShengIR regbase pipeline
triton.language.floor.ttadapter,0,0.0468,1,False,False,0,False,0,0,0,0,,,2048,2048,256,0.25,True,[ERROR] Failed to run BiShengIR regbase pipeline
triton.language.floor.ttadapter,1,0.041528,1,False,True,1,False,0,0,0,0,84ceab258f568ecb023a1b1ab60acb7a1c304b7bc0628f4eca92b063cb91d2d1,84ceab258f568ecb023a1b1ab60acb7a1c304b7bc0628f4eca92b063cb91d2d1,2048,2048,256,0.25,True,[ERROR] Failed to run BiShengIR regbase pipeline
triton.language.floor.ttadapter,2,0.043439,1,False,True,1,False,0,0,0,0,84ceab258f568ecb023a1b1ab60acb7a1c304b7bc0628f4eca92b063cb91d2d1,84ceab258f568ecb023a1b1ab60acb7a1c304b7bc0628f4eca92b063cb91d2d1,2048,2048,256,0.25,True,[ERROR] Failed to run BiShengIR regbase pipeline
triton.language.fma.ttadapter,0,0.053368,1,False,False,0,False,0,0,0,0,,,6144,6144,768,0.75,True,[ERROR] Failed to run BiShengIR regbase pipeline
triton.language.fma.ttadapter,1,0.057108,1,False,True,1,False,0,0,0,0,84ceab258f568ecb023a1b1ab60acb7a1c304b7bc0628f4eca92b063cb91d2d1,84ceab258f568ecb023a1b1ab60acb7a1c304b7bc0628f4eca92b063cb91d2d1,6144,6144,768,0.75,True,[ERROR] Failed to run BiShengIR regbase pipeline
triton.language.fma.ttadapter,2,0.043842,1,False,True,1,False,0,0,0,0,84ceab258f568ecb023a1b1ab60acb7a1c304b7bc0628f4eca92b063cb91d2d1,84ceab258f568ecb023a1b1ab60acb7a1c304b7bc0628f4eca92b063cb91d2d1,6144,6144,768,0.75,True,[ERROR] Failed to run BiShengIR regbase pipeline
triton.language.full.ttadapter,0,0.041149,1,False,False,0,False,0,0,0,0,,,1024,1024,128,0.125,True,[ERROR] Failed to run BiShengIR regbase pipeline
triton.language.full.ttadapter,1,0.039486,1,False,True,1,False,0,0,0,0,84ceab258f568ecb023a1b1ab60acb7a1c304b7bc0628f4eca92b063cb91d2d1,84ceab258f568ecb023a1b1ab60acb7a1c304b7bc0628f4eca92b063cb91d2d1,1024,1024,128,0.125,True,[ERROR] Failed to run BiShengIR regbase pipeline
triton.language.full.ttadapter,2,0.035906,1,False,True,1,False,0,0,0,0,84ceab258f568ecb023a1b1ab60acb7a1c304b7bc0628f4eca92b063cb91d2d1,84ceab258f568ecb023a1b1ab60acb7a1c304b7bc0628f4eca92b063cb91d2d1,1024,1024,128,0.125,True,[ERROR] Failed to run BiShengIR regbase pipeline
triton.language.gather.ttadapter,0,0.031188,1,False,False,0,False,0,0,0,0,,,2048,2048,256,0.25,True,[ERROR] Failed to run BiShengIR regbase pipeline
triton.language.gather.ttadapter,1,0.044941,1,False,True,1,False,0,0,0,0,84ceab258f568ecb023a1b1ab60acb7a1c304b7bc0628f4eca92b063cb91d2d1,84ceab258f568ecb023a1b1ab60acb7a1c304b7bc0628f4eca92b063cb91d2d1,2048,2048,256,0.25,True,[ERROR] Failed to run BiShengIR regbase pipeline
triton.language.gather.ttadapter,2,0.040123,1,False,True,1,False,0,0,0,0,84ceab258f568ecb023a1b1ab60acb7a1c304b7bc0628f4eca92b063cb91d2d1,84ceab258f568ecb023a1b1ab60acb7a1c304b7bc0628f4eca92b063cb91d2d1,2048,2048,256,0.25,True,[ERROR] Failed to run BiShengIR regbase pipeline
triton.language.ge.ttadapter,0,0.040311,1,False,False,0,False,0,0,0,0,,,4096,4096,512,0.5,True,[ERROR] Failed to run BiShengIR regbase pipeline
triton.language.ge.ttadapter,1,0.054964,1,False,True,1,False,0,0,0,0,84ceab258f568ecb023a1b1ab60acb7a1c304b7bc0628f4eca92b063cb91d2d1,84ceab258f568ecb023a1b1ab60acb7a1c304b7bc0628f4eca92b063cb91d2d1,4096,4096,512,0.5,True,[ERROR] Failed to run BiShengIR regbase pipeline
triton.language.ge.ttadapter,2,0.048517,1,False,True,1,False,0,0,0,0,84ceab258f568ecb023a1b1ab60acb7a1c304b7bc0628f4eca92b063cb91d2d1,84ceab258f568ecb023a1b1ab60acb7a1c304b7bc0628f4eca92b063cb91d2d1,4096,4096,512,0.5,True,[ERROR] Failed to run BiShengIR regbase pipeline
triton.language.gt.ttadapter,0,0.048874,1,False,False,0,False,0,0,0,0,,,4096,4096,512,0.5,True,[ERROR] Failed to run BiShengIR regbase pipeline
triton.language.gt.ttadapter,1,0.044914,1,False,True,1,False,0,0,0,0,84ceab258f568ecb023a1b1ab60acb7a1c304b7bc0628f4eca92b063cb91d2d1,84ceab258f568ecb023a1b1ab60acb7a1c304b7bc0628f4eca92b063cb91d2d1,4096,4096,512,0.5,True,[ERROR] Failed to run BiShengIR regbase pipeline
triton.language.gt.ttadapter,2,0.046259,1,False,True,1,False,0,0,0,0,84ceab258f568ecb023a1b1ab60acb7a1c304b7bc0628f4eca92b063cb91d2d1,84ceab258f568ecb023a1b1ab60acb7a1c304b7bc0628f4eca92b063cb91d2d1,4096,4096,512,0.5,True,[ERROR] Failed to run BiShengIR regbase pipeline
triton.language.histogram.ttadapter,0,0.046014,1,False,False,0,False,0,0,0,0,,,65792,65792,8224,8.03125,True,[ERROR] Failed to run BiShengIR regbase pipeline
triton.language.histogram.ttadapter,1,0.052532,1,False,True,1,False,0,0,0,0,84ceab258f568ecb023a1b1ab60acb7a1c304b7bc0628f4eca92b063cb91d2d1,84ceab258f568ecb023a1b1ab60acb7a1c304b7bc0628f4eca92b063cb91d2d1,65792,65792,8224,8.03125,True,[ERROR] Failed to run BiShengIR regbase pipeline
triton.language.histogram.ttadapter,2,0.049492,1,False,True,1,False,0,0,0,0,84ceab258f568ecb023a1b1ab60acb7a1c304b7bc0628f4eca92b063cb91d2d1,84ceab258f568ecb023a1b1ab60acb7a1c304b7bc0628f4eca92b063cb91d2d1,65792,65792,8224,8.03125,True,[ERROR] Failed to run BiShengIR regbase pipeline
triton.language.index_select_simd.ttadapter,0,0.044086,1,False,False,0,False,0,0,0,0,,,1792,1792,224,0.21875,True,[ERROR] Failed to run BiShengIR regbase pipeline
triton.language.index_select_simd.ttadapter,1,0.04307,1,False,True,1,False,0,0,0,0,84ceab258f568ecb023a1b1ab60acb7a1c304b7bc0628f4eca92b063cb91d2d1,84ceab258f568ecb023a1b1ab60acb7a1c304b7bc0628f4eca92b063cb91d2d1,1792,1792,224,0.21875,True,[ERROR] Failed to run BiShengIR regbase pipeline
triton.language.index_select_simd.ttadapter,2,0.04122,1,False,True,1,False,0,0,0,0,84ceab258f568ecb023a1b1ab60acb7a1c304b7bc0628f4eca92b063cb91d2d1,84ceab258f568ecb023a1b1ab60acb7a1c304b7bc0628f4eca92b063cb91d2d1,1792,1792,224,0.21875,True,[ERROR] Failed to run BiShengIR regbase pipeline
triton.language.inline_asm_elementwise.ttadapter,0,0.206133,1,False,False,0,False,0,0,0,0,,,24576,24576,3072,3.0,True,[ERROR] Failed to run BiShengIR regbase pipeline
triton.language.inline_asm_elementwise.ttadapter,1,0.242854,1,False,True,1,False,0,0,0,0,84ceab258f568ecb023a1b1ab60acb7a1c304b7bc0628f4eca92b063cb91d2d1,84ceab258f568ecb023a1b1ab60acb7a1c304b7bc0628f4eca92b063cb91d2d1,24576,24576,3072,3.0,True,[ERROR] Failed to run BiShengIR regbase pipeline
triton.language.inline_asm_elementwise.ttadapter,2,0.257851,1,False,True,1,False,0,0,0,0,84ceab258f568ecb023a1b1ab60acb7a1c304b7bc0628f4eca92b063cb91d2d1,84ceab258f568ecb023a1b1ab60acb7a1c304b7bc0628f4eca92b063cb91d2d1,24576,24576,3072,3.0,True,[ERROR] Failed to run BiShengIR regbase pipeline
triton.language.interleave.ttadapter,0,0.04584,1,False,False,0,False,0,0,0,0,,,1024,1024,128,0.125,True,[ERROR] Failed to run BiShengIR regbase pipeline
triton.language.interleave.ttadapter,1,0.044812,1,False,True,1,False,0,0,0,0,84ceab258f568ecb023a1b1ab60acb7a1c304b7bc0628f4eca92b063cb91d2d1,84ceab258f568ecb023a1b1ab60acb7a1c304b7bc0628f4eca92b063cb91d2d1,1024,1024,128,0.125,True,[ERROR] Failed to run BiShengIR regbase pipeline
triton.language.interleave.ttadapter,2,0.044956,1,False,True,1,False,0,0,0,0,84ceab258f568ecb023a1b1ab60acb7a1c304b7bc0628f4eca92b063cb91d2d1,84ceab258f568ecb023a1b1ab60acb7a1c304b7bc0628f4eca92b063cb91d2d1,1024,1024,128,0.125,True,[ERROR] Failed to run BiShengIR regbase pipeline
triton.language.invert.ttadapter,0,0.044062,1,False,False,0,False,0,0,0,0,,,256,256,32,0.03125,True,[ERROR] Failed to run BiShengIR regbase pipeline
triton.language.invert.ttadapter,1,0.052722,1,False,True,1,False,0,0,0,0,84ceab258f568ecb023a1b1ab60acb7a1c304b7bc0628f4eca92b063cb91d2d1,84ceab258f568ecb023a1b1ab60acb7a1c304b7bc0628f4eca92b063cb91d2d1,256,256,32,0.03125,True,[ERROR] Failed to run BiShengIR regbase pipeline
triton.language.invert.ttadapter,2,0.046767,1,False,True,1,False,0,0,0,0,84ceab258f568ecb023a1b1ab60acb7a1c304b7bc0628f4eca92b063cb91d2d1,84ceab258f568ecb023a1b1ab60acb7a1c304b7bc0628f4eca92b063cb91d2d1,256,256,32,0.03125,True,[ERROR] Failed to run BiShengIR regbase pipeline
triton.language.join.ttadapter,0,0.042044,1,False,False,0,False,0,0,0,0,,,1024,1024,128,0.125,True,[ERROR] Failed to run BiShengIR regbase pipeline
triton.language.join.ttadapter,1,0.041679,1,False,True,1,False,0,0,0,0,84ceab258f568ecb023a1b1ab60acb7a1c304b7bc0628f4eca92b063cb91d2d1,84ceab258f568ecb023a1b1ab60acb7a1c304b7bc0628f4eca92b063cb91d2d1,1024,1024,128,0.125,True,[ERROR] Failed to run BiShengIR regbase pipeline
triton.language.join.ttadapter,2,0.040859,1,False,True,1,False,0,0,0,0,84ceab258f568ecb023a1b1ab60acb7a1c304b7bc0628f4eca92b063cb91d2d1,84ceab258f568ecb023a1b1ab60acb7a1c304b7bc0628f4eca92b063cb91d2d1,1024,1024,128,0.125,True,[ERROR] Failed to run BiShengIR regbase pipeline
triton.language.le.ttadapter,0,0.035111,1,False,False,0,False,0,0,0,0,,,4096,4096,512,0.5,True,[ERROR] Failed to run BiShengIR regbase pipeline
triton.language.le.ttadapter,1,0.0359,1,False,True,1,False,0,0,0,0,84ceab258f568ecb023a1b1ab60acb7a1c304b7bc0628f4eca92b063cb91d2d1,84ceab258f568ecb023a1b1ab60acb7a1c304b7bc0628f4eca92b063cb91d2d1,4096,4096,512,0.5,True,[ERROR] Failed to run BiShengIR regbase pipeline
triton.language.le.ttadapter,2,0.034686,1,False,True,1,False,0,0,0,0,84ceab258f568ecb023a1b1ab60acb7a1c304b7bc0628f4eca92b063cb91d2d1,84ceab258f568ecb023a1b1ab60acb7a1c304b7bc0628f4eca92b063cb91d2d1,4096,4096,512,0.5,True,[ERROR] Failed to run BiShengIR regbase pipeline
triton.language.load.ttadapter,0,0.028691,1,False,False,0,False,0,0,0,0,,,4096,4096,512,0.5,True,[ERROR] Failed to run BiShengIR regbase pipeline
triton.language.load.ttadapter,1,0.030769,1,False,True,1,False,0,0,0,0,84ceab258f568ecb023a1b1ab60acb7a1c304b7bc0628f4eca92b063cb91d2d1,84ceab258f568ecb023a1b1ab60acb7a1c304b7bc0628f4eca92b063cb91d2d1,4096,4096,512,0.5,True,[ERROR] Failed to run BiShengIR regbase pipeline
triton.language.load.ttadapter,2,0.029686,1,False,True,1,False,0,0,0,0,84ceab258f568ecb023a1b1ab60acb7a1c304b7bc0628f4eca92b063cb91d2d1,84ceab258f568ecb023a1b1ab60acb7a1c304b7bc0628f4eca92b063cb91d2d1,4096,4096,512,0.5,True,[ERROR] Failed to run BiShengIR regbase pipeline
triton.language.load_tensor_descriptor.ttadapter,0,0.043278,1,False,False,0,False,0,0,0,0,,,32768,32768,4096,4.0,True,[ERROR] Failed to run BiShengIR regbase pipeline
triton.language.load_tensor_descriptor.ttadapter,1,0.044734,1,False,True,1,False,0,0,0,0,84ceab258f568ecb023a1b1ab60acb7a1c304b7bc0628f4eca92b063cb91d2d1,84ceab258f568ecb023a1b1ab60acb7a1c304b7bc0628f4eca92b063cb91d2d1,32768,32768,4096,4.0,True,[ERROR] Failed to run BiShengIR regbase pipeline
triton.language.load_tensor_descriptor.ttadapter,2,0.046017,1,False,True,1,False,0,0,0,0,84ceab258f568ecb023a1b1ab60acb7a1c304b7bc0628f4eca92b063cb91d2d1,84ceab258f568ecb023a1b1ab60acb7a1c304b7bc0628f4eca92b063cb91d2d1,32768,32768,4096,4.0,True,[ERROR] Failed to run BiShengIR regbase pipeline
triton.language.log.ttadapter,0,0.034325,1,False,False,0,False,0,0,0,0,,,2048,2048,256,0.25,True,[ERROR] Failed to run BiShengIR regbase pipeline
triton.language.log.ttadapter,1,0.036656,1,False,True,1,False,0,0,0,0,84ceab258f568ecb023a1b1ab60acb7a1c304b7bc0628f4eca92b063cb91d2d1,84ceab258f568ecb023a1b1ab60acb7a1c304b7bc0628f4eca92b063cb91d2d1,2048,2048,256,0.25,True,[ERROR] Failed to run BiShengIR regbase pipeline
triton.language.log.ttadapter,2,0.034218,1,False,True,1,False,0,0,0,0,84ceab258f568ecb023a1b1ab60acb7a1c304b7bc0628f4eca92b063cb91d2d1,84ceab258f568ecb023a1b1ab60acb7a1c304b7bc0628f4eca92b063cb91d2d1,2048,2048,256,0.25,True,[ERROR] Failed to run BiShengIR regbase pipeline
triton.language.log2.ttadapter,0,0.034577,1,False,False,0,False,0,0,0,0,,,2048,2048,256,0.25,True,[ERROR] Failed to run BiShengIR regbase pipeline
triton.language.log2.ttadapter,1,0.035214,1,False,True,1,False,0,0,0,0,84ceab258f568ecb023a1b1ab60acb7a1c304b7bc0628f4eca92b063cb91d2d1,84ceab258f568ecb023a1b1ab60acb7a1c304b7bc0628f4eca92b063cb91d2d1,2048,2048,256,0.25,True,[ERROR] Failed to run BiShengIR regbase pipeline
triton.language.log2.ttadapter,2,0.036276,1,False,True,1,False,0,0,0,0,84ceab258f568ecb023a1b1ab60acb7a1c304b7bc0628f4eca92b063cb91d2d1,84ceab258f568ecb023a1b1ab60acb7a1c304b7bc0628f4eca92b063cb91d2d1,2048,2048,256,0.25,True,[ERROR] Failed to run BiShengIR regbase pipeline
triton.language.logical_and.ttadapter,0,0.036077,1,False,False,0,False,0,0,0,0,,,4096,4096,512,0.5,True,[ERROR] Failed to run BiShengIR regbase pipeline
triton.language.logical_and.ttadapter,1,0.037273,1,False,True,1,False,0,0,0,0,84ceab258f568ecb023a1b1ab60acb7a1c304b7bc0628f4eca92b063cb91d2d1,84ceab258f568ecb023a1b1ab60acb7a1c304b7bc0628f4eca92b063cb91d2d1,4096,4096,512,0.5,True,[ERROR] Failed to run BiShengIR regbase pipeline
triton.language.logical_and.ttadapter,2,0.035985,1,False,True,1,False,0,0,0,0,84ceab258f568ecb023a1b1ab60acb7a1c304b7bc0628f4eca92b063cb91d2d1,84ceab258f568ecb023a1b1ab60acb7a1c304b7bc0628f4eca92b063cb91d2d1,4096,4096,512,0.5,True,[ERROR] Failed to run BiShengIR regbase pipeline
triton.language.logical_or.ttadapter,0,0.036378,1,False,False,0,False,0,0,0,0,,,4096,4096,512,0.5,True,[ERROR] Failed to run BiShengIR regbase pipeline
triton.language.logical_or.ttadapter,1,0.037985,1,False,True,1,False,0,0,0,0,84ceab258f568ecb023a1b1ab60acb7a1c304b7bc0628f4eca92b063cb91d2d1,84ceab258f568ecb023a1b1ab60acb7a1c304b7bc0628f4eca92b063cb91d2d1,4096,4096,512,0.5,True,[ERROR] Failed to run BiShengIR regbase pipeline
triton.language.logical_or.ttadapter,2,0.03675,1,False,True,1,False,0,0,0,0,84ceab258f568ecb023a1b1ab60acb7a1c304b7bc0628f4eca92b063cb91d2d1,84ceab258f568ecb023a1b1ab60acb7a1c304b7bc0628f4eca92b063cb91d2d1,4096,4096,512,0.5,True,[ERROR] Failed to run BiShengIR regbase pipeline
triton.language.lshift.ttadapter,0,0.03037,1,False,False,0,False,0,0,0,0,,,1024,1024,128,0.125,True,[ERROR] Failed to run BiShengIR regbase pipeline
triton.language.lshift.ttadapter,1,0.033539,1,False,True,1,False,0,0,0,0,84ceab258f568ecb023a1b1ab60acb7a1c304b7bc0628f4eca92b063cb91d2d1,84ceab258f568ecb023a1b1ab60acb7a1c304b7bc0628f4eca92b063cb91d2d1,1024,1024,128,0.125,True,[ERROR] Failed to run BiShengIR regbase pipeline
triton.language.lshift.ttadapter,2,0.032197,1,False,True,1,False,0,0,0,0,84ceab258f568ecb023a1b1ab60acb7a1c304b7bc0628f4eca92b063cb91d2d1,84ceab258f568ecb023a1b1ab60acb7a1c304b7bc0628f4eca92b063cb91d2d1,1024,1024,128,0.125,True,[ERROR] Failed to run BiShengIR regbase pipeline
triton.language.lt.ttadapter,0,0.033365,1,False,False,0,False,0,0,0,0,,,4096,4096,512,0.5,True,[ERROR] Failed to run BiShengIR regbase pipeline
triton.language.lt.ttadapter,1,0.033067,1,False,True,1,False,0,0,0,0,84ceab258f568ecb023a1b1ab60acb7a1c304b7bc0628f4eca92b063cb91d2d1,84ceab258f568ecb023a1b1ab60acb7a1c304b7bc0628f4eca92b063cb91d2d1,4096,4096,512,0.5,True,[ERROR] Failed to run BiShengIR regbase pipeline
triton.language.lt.ttadapter,2,0.03455,1,False,True,1,False,0,0,0,0,84ceab258f568ecb023a1b1ab60acb7a1c304b7bc0628f4eca92b063cb91d2d1,84ceab258f568ecb023a1b1ab60acb7a1c304b7bc0628f4eca92b063cb91d2d1,4096,4096,512,0.5,True,[ERROR] Failed to run BiShengIR regbase pipeline
triton.language.make_block_ptr.ttadapter,0,0.034525,1,False,False,0,False,0,0,0,0,,,1024,1024,128,0.125,True,[ERROR] Failed to run BiShengIR regbase pipeline
triton.language.make_block_ptr.ttadapter,1,0.03572,1,False,True,1,False,0,0,0,0,84ceab258f568ecb023a1b1ab60acb7a1c304b7bc0628f4eca92b063cb91d2d1,84ceab258f568ecb023a1b1ab60acb7a1c304b7bc0628f4eca92b063cb91d2d1,1024,1024,128,0.125,True,[ERROR] Failed to run BiShengIR regbase pipeline
triton.language.make_block_ptr.ttadapter,2,0.034272,1,False,True,1,False,0,0,0,0,84ceab258f568ecb023a1b1ab60acb7a1c304b7bc0628f4eca92b063cb91d2d1,84ceab258f568ecb023a1b1ab60acb7a1c304b7bc0628f4eca92b063cb91d2d1,1024,1024,128,0.125,True,[ERROR] Failed to run BiShengIR regbase pipeline
triton.language.max.ttadapter,0,0.036959,1,False,False,0,False,0,0,0,0,,,1280,1280,160,0.15625,True,[ERROR] Failed to run BiShengIR regbase pipeline
triton.language.max.ttadapter,1,0.037265,1,False,True,1,False,0,0,0,0,84ceab258f568ecb023a1b1ab60acb7a1c304b7bc0628f4eca92b063cb91d2d1,84ceab258f568ecb023a1b1ab60acb7a1c304b7bc0628f4eca92b063cb91d2d1,1280,1280,160,0.15625,True,[ERROR] Failed to run BiShengIR regbase pipeline
triton.language.max.ttadapter,2,0.037984,1,False,True,1,False,0,0,0,0,84ceab258f568ecb023a1b1ab60acb7a1c304b7bc0628f4eca92b063cb91d2d1,84ceab258f568ecb023a1b1ab60acb7a1c304b7bc0628f4eca92b063cb91d2d1,1280,1280,160,0.15625,True,[ERROR] Failed to run BiShengIR regbase pipeline
triton.language.max_constancy.ttadapter,0,0.031518,1,False,False,0,False,0,0,0,0,,,4096,4096,512,0.5,True,[ERROR] Failed to run BiShengIR regbase pipeline
triton.language.max_constancy.ttadapter,1,0.035614,1,False,True,1,False,0,0,0,0,84ceab258f568ecb023a1b1ab60acb7a1c304b7bc0628f4eca92b063cb91d2d1,84ceab258f568ecb023a1b1ab60acb7a1c304b7bc0628f4eca92b063cb91d2d1,4096,4096,512,0.5,True,[ERROR] Failed to run BiShengIR regbase pipeline
triton.language.max_constancy.ttadapter,2,0.034658,1,False,True,1,False,0,0,0,0,84ceab258f568ecb023a1b1ab60acb7a1c304b7bc0628f4eca92b063cb91d2d1,84ceab258f568ecb023a1b1ab60acb7a1c304b7bc0628f4eca92b063cb91d2d1,4096,4096,512,0.5,True,[ERROR] Failed to run BiShengIR regbase pipeline
triton.language.max_contiguous.ttadapter,0,0.032799,1,False,False,0,False,0,0,0,0,,,4096,4096,512,0.5,True,[ERROR] Failed to run BiShengIR regbase pipeline
triton.language.max_contiguous.ttadapter,1,0.033582,1,False,True,1,False,0,0,0,0,84ceab258f568ecb023a1b1ab60acb7a1c304b7bc0628f4eca92b063cb91d2d1,84ceab258f568ecb023a1b1ab60acb7a1c304b7bc0628f4eca92b063cb91d2d1,4096,4096,512,0.5,True,[ERROR] Failed to run BiShengIR regbase pipeline
triton.language.max_contiguous.ttadapter,2,0.035075,1,False,True,1,False,0,0,0,0,84ceab258f568ecb023a1b1ab60acb7a1c304b7bc0628f4eca92b063cb91d2d1,84ceab258f568ecb023a1b1ab60acb7a1c304b7bc0628f4eca92b063cb91d2d1,4096,4096,512,0.5,True,[ERROR] Failed to run BiShengIR regbase pipeline
triton.language.min.ttadapter,0,0.036182,1,False,False,0,False,0,0,0,0,,,1280,1280,160,0.15625,True,[ERROR] Failed to run BiShengIR regbase pipeline
triton.language.min.ttadapter,1,0.036488,1,False,True,1,False,0,0,0,0,84ceab258f568ecb023a1b1ab60acb7a1c304b7bc0628f4eca92b063cb91d2d1,84ceab258f568ecb023a1b1ab60acb7a1c304b7bc0628f4eca92b063cb91d2d1,1280,1280,160,0.15625,True,[ERROR] Failed to run BiShengIR regbase pipeline
triton.language.min.ttadapter,2,0.038083,1,False,True,1,False,0,0,0,0,84ceab258f568ecb023a1b1ab60acb7a1c304b7bc0628f4eca92b063cb91d2d1,84ceab258f568ecb023a1b1ab60acb7a1c304b7bc0628f4eca92b063cb91d2d1,1280,1280,160,0.15625,True,[ERROR] Failed to run BiShengIR regbase pipeline
triton.language.multiple_of.ttadapter,0,0.033638,1,False,False,0,False,0,0,0,0,,,4096,4096,512,0.5,True,[ERROR] Failed to run BiShengIR regbase pipeline
triton.language.multiple_of.ttadapter,1,0.0325,1,False,True,1,False,0,0,0,0,84ceab258f568ecb023a1b1ab60acb7a1c304b7bc0628f4eca92b063cb91d2d1,84ceab258f568ecb023a1b1ab60acb7a1c304b7bc0628f4eca92b063cb91d2d1,4096,4096,512,0.5,True,[ERROR] Failed to run BiShengIR regbase pipeline
triton.language.multiple_of.ttadapter,2,0.033705,1,False,True,1,False,0,0,0,0,84ceab258f568ecb023a1b1ab60acb7a1c304b7bc0628f4eca92b063cb91d2d1,84ceab258f568ecb023a1b1ab60acb7a1c304b7bc0628f4eca92b063cb91d2d1,4096,4096,512,0.5,True,[ERROR] Failed to run BiShengIR regbase pipeline
triton.language.ne.ttadapter,0,0.044477,1,False,False,0,False,0,0,0,0,,,2304,2304,288,0.28125,True,[ERROR] Failed to run BiShengIR regbase pipeline
triton.language.ne.ttadapter,1,0.046954,1,False,True,1,False,0,0,0,0,84ceab258f568ecb023a1b1ab60acb7a1c304b7bc0628f4eca92b063cb91d2d1,84ceab258f568ecb023a1b1ab60acb7a1c304b7bc0628f4eca92b063cb91d2d1,2304,2304,288,0.28125,True,[ERROR] Failed to run BiShengIR regbase pipeline
triton.language.ne.ttadapter,2,0.047084,1,False,True,1,False,0,0,0,0,84ceab258f568ecb023a1b1ab60acb7a1c304b7bc0628f4eca92b063cb91d2d1,84ceab258f568ecb023a1b1ab60acb7a1c304b7bc0628f4eca92b063cb91d2d1,2304,2304,288,0.28125,True,[ERROR] Failed to run BiShengIR regbase pipeline
triton.language.neg.ttadapter,0,0.031625,1,False,False,0,False,0,0,0,0,,,256,256,32,0.03125,True,[ERROR] Failed to run BiShengIR regbase pipeline
triton.language.neg.ttadapter,1,0.034482,1,False,True,1,False,0,0,0,0,84ceab258f568ecb023a1b1ab60acb7a1c304b7bc0628f4eca92b063cb91d2d1,84ceab258f568ecb023a1b1ab60acb7a1c304b7bc0628f4eca92b063cb91d2d1,256,256,32,0.03125,True,[ERROR] Failed to run BiShengIR regbase pipeline
triton.language.neg.ttadapter,2,0.033906,1,False,True,1,False,0,0,0,0,84ceab258f568ecb023a1b1ab60acb7a1c304b7bc0628f4eca92b063cb91d2d1,84ceab258f568ecb023a1b1ab60acb7a1c304b7bc0628f4eca92b063cb91d2d1,256,256,32,0.03125,True,[ERROR] Failed to run BiShengIR regbase pipeline
triton.language.not.ttadapter,0,0.033107,1,False,False,0,False,0,0,0,0,,,256,256,32,0.03125,True,[ERROR] Failed to run BiShengIR regbase pipeline
triton.language.not.ttadapter,1,0.034322,1,False,True,1,False,0,0,0,0,84ceab258f568ecb023a1b1ab60acb7a1c304b7bc0628f4eca92b063cb91d2d1,84ceab258f568ecb023a1b1ab60acb7a1c304b7bc0628f4eca92b063cb91d2d1,256,256,32,0.03125,True,[ERROR] Failed to run BiShengIR regbase pipeline
triton.language.not.ttadapter,2,0.033943,1,False,True,1,False,0,0,0,0,84ceab258f568ecb023a1b1ab60acb7a1c304b7bc0628f4eca92b063cb91d2d1,84ceab258f568ecb023a1b1ab60acb7a1c304b7bc0628f4eca92b063cb91d2d1,256,256,32,0.03125,True,[ERROR] Failed to run BiShengIR regbase pipeline
triton.language.or.ttadapter,0,0.034732,1,False,False,0,False,0,0,0,0,,,512,512,64,0.0625,True,[ERROR] Failed to run BiShengIR regbase pipeline
triton.language.or.ttadapter,1,0.036492,1,False,True,1,False,0,0,0,0,84ceab258f568ecb023a1b1ab60acb7a1c304b7bc0628f4eca92b063cb91d2d1,84ceab258f568ecb023a1b1ab60acb7a1c304b7bc0628f4eca92b063cb91d2d1,512,512,64,0.0625,True,[ERROR] Failed to run BiShengIR regbase pipeline
triton.language.or.ttadapter,2,0.034313,1,False,True,1,False,0,0,0,0,84ceab258f568ecb023a1b1ab60acb7a1c304b7bc0628f4eca92b063cb91d2d1,84ceab258f568ecb023a1b1ab60acb7a1c304b7bc0628f4eca92b063cb91d2d1,512,512,64,0.0625,True,[ERROR] Failed to run BiShengIR regbase pipeline
triton.language.permute.ttadapter,0,0.034435,1,False,False,0,False,0,0,0,0,,,1536,1536,192,0.1875,True,[ERROR] Failed to run BiShengIR regbase pipeline
triton.language.permute.ttadapter,1,0.036326,1,False,True,1,False,0,0,0,0,84ceab258f568ecb023a1b1ab60acb7a1c304b7bc0628f4eca92b063cb91d2d1,84ceab258f568ecb023a1b1ab60acb7a1c304b7bc0628f4eca92b063cb91d2d1,1536,1536,192,0.1875,True,[ERROR] Failed to run BiShengIR regbase pipeline
triton.language.permute.ttadapter,2,0.036003,1,False,True,1,False,0,0,0,0,84ceab258f568ecb023a1b1ab60acb7a1c304b7bc0628f4eca92b063cb91d2d1,84ceab258f568ecb023a1b1ab60acb7a1c304b7bc0628f4eca92b063cb91d2d1,1536,1536,192,0.1875,True,[ERROR] Failed to run BiShengIR regbase pipeline
triton.language.rand.ttadapter,0,0.046293,1,False,False,0,False,0,0,0,0,,,256,256,32,0.03125,True,[ERROR] Failed to run BiShengIR regbase pipeline
triton.language.rand.ttadapter,1,0.04944,1,False,True,1,False,0,0,0,0,84ceab258f568ecb023a1b1ab60acb7a1c304b7bc0628f4eca92b063cb91d2d1,84ceab258f568ecb023a1b1ab60acb7a1c304b7bc0628f4eca92b063cb91d2d1,256,256,32,0.03125,True,[ERROR] Failed to run BiShengIR regbase pipeline
triton.language.rand.ttadapter,2,0.049262,1,False,True,1,False,0,0,0,0,84ceab258f568ecb023a1b1ab60acb7a1c304b7bc0628f4eca92b063cb91d2d1,84ceab258f568ecb023a1b1ab60acb7a1c304b7bc0628f4eca92b063cb91d2d1,256,256,32,0.03125,True,[ERROR] Failed to run BiShengIR regbase pipeline
triton.language.randint.ttadapter,0,0.040686,1,False,False,0,False,0,0,0,0,,,256,256,32,0.03125,True,[ERROR] Failed to run BiShengIR regbase pipeline
triton.language.randint.ttadapter,1,0.043356,1,False,True,1,False,0,0,0,0,84ceab258f568ecb023a1b1ab60acb7a1c304b7bc0628f4eca92b063cb91d2d1,84ceab258f568ecb023a1b1ab60acb7a1c304b7bc0628f4eca92b063cb91d2d1,256,256,32,0.03125,True,[ERROR] Failed to run BiShengIR regbase pipeline
triton.language.randint.ttadapter,2,0.043339,1,False,True,1,False,0,0,0,0,84ceab258f568ecb023a1b1ab60acb7a1c304b7bc0628f4eca92b063cb91d2d1,84ceab258f568ecb023a1b1ab60acb7a1c304b7bc0628f4eca92b063cb91d2d1,256,256,32,0.03125,True,[ERROR] Failed to run BiShengIR regbase pipeline
triton.language.randn.ttadapter,0,0.177249,1,False,False,0,False,0,0,0,0,,,15104,15104,1888,1.84375,True,[ERROR] Failed to run BiShengIR regbase pipeline
triton.language.randn.ttadapter,1,0.188603,1,False,True,1,False,0,0,0,0,84ceab258f568ecb023a1b1ab60acb7a1c304b7bc0628f4eca92b063cb91d2d1,84ceab258f568ecb023a1b1ab60acb7a1c304b7bc0628f4eca92b063cb91d2d1,15104,15104,1888,1.84375,True,[ERROR] Failed to run BiShengIR regbase pipeline
triton.language.randn.ttadapter,2,0.159019,1,False,True,1,False,0,0,0,0,84ceab258f568ecb023a1b1ab60acb7a1c304b7bc0628f4eca92b063cb91d2d1,84ceab258f568ecb023a1b1ab60acb7a1c304b7bc0628f4eca92b063cb91d2d1,17664,17664,2208,2.15625,True,[ERROR] Failed to run BiShengIR regbase pipeline
triton.language.range.ttadapter,0,0.03283,1,False,False,0,False,0,0,0,0,,,768,768,96,0.09375,True,[ERROR] Failed to run BiShengIR regbase pipeline
triton.language.range.ttadapter,1,0.034563,1,False,True,1,False,0,0,0,0,84ceab258f568ecb023a1b1ab60acb7a1c304b7bc0628f4eca92b063cb91d2d1,84ceab258f568ecb023a1b1ab60acb7a1c304b7bc0628f4eca92b063cb91d2d1,768,768,96,0.09375,True,[ERROR] Failed to run BiShengIR regbase pipeline
triton.language.range.ttadapter,2,0.034796,1,False,True,1,False,0,0,0,0,84ceab258f568ecb023a1b1ab60acb7a1c304b7bc0628f4eca92b063cb91d2d1,84ceab258f568ecb023a1b1ab60acb7a1c304b7bc0628f4eca92b063cb91d2d1,768,768,96,0.09375,True,[ERROR] Failed to run BiShengIR regbase pipeline
triton.language.ravel.ttadapter,0,0.027932,1,False,False,0,False,0,0,0,0,,,256,256,32,0.03125,True,[ERROR] Failed to run BiShengIR regbase pipeline
triton.language.ravel.ttadapter,1,0.029622,1,False,True,1,False,0,0,0,0,84ceab258f568ecb023a1b1ab60acb7a1c304b7bc0628f4eca92b063cb91d2d1,84ceab258f568ecb023a1b1ab60acb7a1c304b7bc0628f4eca92b063cb91d2d1,256,256,32,0.03125,True,[ERROR] Failed to run BiShengIR regbase pipeline
triton.language.ravel.ttadapter,2,0.029415,1,False,True,1,False,0,0,0,0,84ceab258f568ecb023a1b1ab60acb7a1c304b7bc0628f4eca92b063cb91d2d1,84ceab258f568ecb023a1b1ab60acb7a1c304b7bc0628f4eca92b063cb91d2d1,256,256,32,0.03125,True,[ERROR] Failed to run BiShengIR regbase pipeline
triton.language.reduce.ttadapter,0,0.032931,1,False,False,0,False,0,0,0,0,,,1280,1280,160,0.15625,True,[ERROR] Failed to run BiShengIR regbase pipeline
triton.language.reduce.ttadapter,1,0.036262,1,False,True,1,False,0,0,0,0,84ceab258f568ecb023a1b1ab60acb7a1c304b7bc0628f4eca92b063cb91d2d1,84ceab258f568ecb023a1b1ab60acb7a1c304b7bc0628f4eca92b063cb91d2d1,1280,1280,160,0.15625,True,[ERROR] Failed to run BiShengIR regbase pipeline
triton.language.reduce.ttadapter,2,0.034127,1,False,True,1,False,0,0,0,0,84ceab258f568ecb023a1b1ab60acb7a1c304b7bc0628f4eca92b063cb91d2d1,84ceab258f568ecb023a1b1ab60acb7a1c304b7bc0628f4eca92b063cb91d2d1,1280,1280,160,0.15625,True,[ERROR] Failed to run BiShengIR regbase pipeline
triton.language.reshape.ttadapter,0,0.02859,1,False,False,0,False,0,0,0,0,,,768,768,96,0.09375,True,[ERROR] Failed to run BiShengIR regbase pipeline
triton.language.reshape.ttadapter,1,0.029485,1,False,True,1,False,0,0,0,0,84ceab258f568ecb023a1b1ab60acb7a1c304b7bc0628f4eca92b063cb91d2d1,84ceab258f568ecb023a1b1ab60acb7a1c304b7bc0628f4eca92b063cb91d2d1,768,768,96,0.09375,True,[ERROR] Failed to run BiShengIR regbase pipeline
triton.language.reshape.ttadapter,2,0.03042,1,False,True,1,False,0,0,0,0,84ceab258f568ecb023a1b1ab60acb7a1c304b7bc0628f4eca92b063cb91d2d1,84ceab258f568ecb023a1b1ab60acb7a1c304b7bc0628f4eca92b063cb91d2d1,768,768,96,0.09375,True,[ERROR] Failed to run BiShengIR regbase pipeline
triton.language.rshift.ttadapter,0,0.03175,1,False,False,0,False,0,0,0,0,,,1024,1024,128,0.125,True,[ERROR] Failed to run BiShengIR regbase pipeline
triton.language.rshift.ttadapter,1,0.033113,1,False,True,1,False,0,0,0,0,84ceab258f568ecb023a1b1ab60acb7a1c304b7bc0628f4eca92b063cb91d2d1,84ceab258f568ecb023a1b1ab60acb7a1c304b7bc0628f4eca92b063cb91d2d1,1024,1024,128,0.125,True,[ERROR] Failed to run BiShengIR regbase pipeline
triton.language.rshift.ttadapter,2,0.03355,1,False,True,1,False,0,0,0,0,84ceab258f568ecb023a1b1ab60acb7a1c304b7bc0628f4eca92b063cb91d2d1,84ceab258f568ecb023a1b1ab60acb7a1c304b7bc0628f4eca92b063cb91d2d1,1024,1024,128,0.125,True,[ERROR] Failed to run BiShengIR regbase pipeline
triton.language.rsqrt.ttadapter,0,0.041424,1,False,False,0,False,0,0,0,0,,,65536,65536,8192,8.0,True,[ERROR] Failed to run BiShengIR regbase pipeline
triton.language.rsqrt.ttadapter,1,0.04163,1,False,True,1,False,0,0,0,0,84ceab258f568ecb023a1b1ab60acb7a1c304b7bc0628f4eca92b063cb91d2d1,84ceab258f568ecb023a1b1ab60acb7a1c304b7bc0628f4eca92b063cb91d2d1,65536,65536,8192,8.0,True,[ERROR] Failed to run BiShengIR regbase pipeline
triton.language.rsqrt.ttadapter,2,0.042999,1,False,True,1,False,0,0,0,0,84ceab258f568ecb023a1b1ab60acb7a1c304b7bc0628f4eca92b063cb91d2d1,84ceab258f568ecb023a1b1ab60acb7a1c304b7bc0628f4eca92b063cb91d2d1,65536,65536,8192,8.0,True,[ERROR] Failed to run BiShengIR regbase pipeline
triton.language.sigmoid.ttadapter,0,0.042247,1,False,False,0,False,0,0,0,0,,,65536,65536,8192,8.0,True,[ERROR] Failed to run BiShengIR regbase pipeline
triton.language.sigmoid.ttadapter,1,0.044482,1,False,True,1,False,0,0,0,0,84ceab258f568ecb023a1b1ab60acb7a1c304b7bc0628f4eca92b063cb91d2d1,84ceab258f568ecb023a1b1ab60acb7a1c304b7bc0628f4eca92b063cb91d2d1,65536,65536,8192,8.0,True,[ERROR] Failed to run BiShengIR regbase pipeline
triton.language.sigmoid.ttadapter,2,0.043044,1,False,True,1,False,0,0,0,0,84ceab258f568ecb023a1b1ab60acb7a1c304b7bc0628f4eca92b063cb91d2d1,84ceab258f568ecb023a1b1ab60acb7a1c304b7bc0628f4eca92b063cb91d2d1,65536,65536,8192,8.0,True,[ERROR] Failed to run BiShengIR regbase pipeline
triton.language.sin.ttadapter,0,0.108281,1,False,False,0,False,0,0,0,0,,,600064,600064,75008,73.25,True,[ERROR] Failed to run BiShengIR regbase pipeline
triton.language.sin.ttadapter,1,0.117267,1,False,True,1,False,0,0,0,0,84ceab258f568ecb023a1b1ab60acb7a1c304b7bc0628f4eca92b063cb91d2d1,84ceab258f568ecb023a1b1ab60acb7a1c304b7bc0628f4eca92b063cb91d2d1,600064,600064,75008,73.25,True,[ERROR] Failed to run BiShengIR regbase pipeline
triton.language.sin.ttadapter,2,0.111877,1,False,True,1,False,0,0,0,0,84ceab258f568ecb023a1b1ab60acb7a1c304b7bc0628f4eca92b063cb91d2d1,84ceab258f568ecb023a1b1ab60acb7a1c304b7bc0628f4eca92b063cb91d2d1,698368,698368,87296,85.25,True,[ERROR] Failed to run BiShengIR regbase pipeline
triton.language.softmax.ttadapter,0,0.063262,1,False,False,0,False,0,0,0,0,,,18432,18432,2304,2.25,True,[ERROR] Failed to run BiShengIR regbase pipeline
triton.language.softmax.ttadapter,1,0.072079,1,False,True,1,False,0,0,0,0,84ceab258f568ecb023a1b1ab60acb7a1c304b7bc0628f4eca92b063cb91d2d1,84ceab258f568ecb023a1b1ab60acb7a1c304b7bc0628f4eca92b063cb91d2d1,18432,18432,2304,2.25,True,[ERROR] Failed to run BiShengIR regbase pipeline
triton.language.softmax.ttadapter,2,0.065936,1,False,True,1,False,0,0,0,0,84ceab258f568ecb023a1b1ab60acb7a1c304b7bc0628f4eca92b063cb91d2d1,84ceab258f568ecb023a1b1ab60acb7a1c304b7bc0628f4eca92b063cb91d2d1,51200,51200,6400,6.25,True,[ERROR] Failed to run BiShengIR regbase pipeline
triton.language.sort.ttadapter,0,0.040574,1,False,False,0,False,0,0,0,0,,,512,512,64,0.0625,True,[ERROR] Failed to run BiShengIR regbase pipeline
triton.language.sort.ttadapter,1,0.041209,1,False,True,1,False,0,0,0,0,84ceab258f568ecb023a1b1ab60acb7a1c304b7bc0628f4eca92b063cb91d2d1,84ceab258f568ecb023a1b1ab60acb7a1c304b7bc0628f4eca92b063cb91d2d1,512,512,64,0.0625,True,[ERROR] Failed to run BiShengIR regbase pipeline
triton.language.sort.ttadapter,2,0.039504,1,False,True,1,False,0,0,0,0,84ceab258f568ecb023a1b1ab60acb7a1c304b7bc0628f4eca92b063cb91d2d1,84ceab258f568ecb023a1b1ab60acb7a1c304b7bc0628f4eca92b063cb91d2d1,768,768,96,0.09375,True,[ERROR] Failed to run BiShengIR regbase pipeline
triton.language.split.ttadapter,0,0.032388,1,False,False,0,False,0,0,0,0,,,768,768,96,0.09375,True,[ERROR] Failed to run BiShengIR regbase pipeline
triton.language.split.ttadapter,1,0.034541,1,False,True,1,False,0,0,0,0,84ceab258f568ecb023a1b1ab60acb7a1c304b7bc0628f4eca92b063cb91d2d1,84ceab258f568ecb023a1b1ab60acb7a1c304b7bc0628f4eca92b063cb91d2d1,768,768,96,0.09375,True,[ERROR] Failed to run BiShengIR regbase pipeline
triton.language.split.ttadapter,2,0.034972,1,False,True,1,False,0,0,0,0,84ceab258f568ecb023a1b1ab60acb7a1c304b7bc0628f4eca92b063cb91d2d1,84ceab258f568ecb023a1b1ab60acb7a1c304b7bc0628f4eca92b063cb91d2d1,768,768,96,0.09375,True,[ERROR] Failed to run BiShengIR regbase pipeline
triton.language.sqrt.ttadapter,0,0.040903,1,False,False,0,False,0,0,0,0,,,65536,65536,8192,8.0,True,[ERROR] Failed to run BiShengIR regbase pipeline
triton.language.sqrt.ttadapter,1,0.041759,1,False,True,1,False,0,0,0,0,84ceab258f568ecb023a1b1ab60acb7a1c304b7bc0628f4eca92b063cb91d2d1,84ceab258f568ecb023a1b1ab60acb7a1c304b7bc0628f4eca92b063cb91d2d1,65536,65536,8192,8.0,True,[ERROR] Failed to run BiShengIR regbase pipeline
triton.language.sqrt.ttadapter,2,0.041605,1,False,True,1,False,0,0,0,0,84ceab258f568ecb023a1b1ab60acb7a1c304b7bc0628f4eca92b063cb91d2d1,84ceab258f568ecb023a1b1ab60acb7a1c304b7bc0628f4eca92b063cb91d2d1,65536,65536,8192,8.0,True,[ERROR] Failed to run BiShengIR regbase pipeline
triton.language.sqrt_rn.ttadapter,0,0.041208,1,False,False,0,False,0,0,0,0,,,65536,65536,8192,8.0,True,[ERROR] Failed to run BiShengIR regbase pipeline
triton.language.sqrt_rn.ttadapter,1,0.044444,1,False,True,1,False,0,0,0,0,84ceab258f568ecb023a1b1ab60acb7a1c304b7bc0628f4eca92b063cb91d2d1,84ceab258f568ecb023a1b1ab60acb7a1c304b7bc0628f4eca92b063cb91d2d1,65536,65536,8192,8.0,True,[ERROR] Failed to run BiShengIR regbase pipeline
triton.language.sqrt_rn.ttadapter,2,0.043867,1,False,True,1,False,0,0,0,0,84ceab258f568ecb023a1b1ab60acb7a1c304b7bc0628f4eca92b063cb91d2d1,84ceab258f568ecb023a1b1ab60acb7a1c304b7bc0628f4eca92b063cb91d2d1,65536,65536,8192,8.0,True,[ERROR] Failed to run BiShengIR regbase pipeline
triton.language.static_assert.ttadapter,0,0.028432,1,False,False,0,False,0,0,0,0,,,4096,4096,512,0.5,True,[ERROR] Failed to run BiShengIR regbase pipeline
triton.language.static_assert.ttadapter,1,0.031335,1,False,True,1,False,0,0,0,0,84ceab258f568ecb023a1b1ab60acb7a1c304b7bc0628f4eca92b063cb91d2d1,84ceab258f568ecb023a1b1ab60acb7a1c304b7bc0628f4eca92b063cb91d2d1,4096,4096,512,0.5,True,[ERROR] Failed to run BiShengIR regbase pipeline
triton.language.static_assert.ttadapter,2,0.032116,1,False,True,1,False,0,0,0,0,84ceab258f568ecb023a1b1ab60acb7a1c304b7bc0628f4eca92b063cb91d2d1,84ceab258f568ecb023a1b1ab60acb7a1c304b7bc0628f4eca92b063cb91d2d1,4096,4096,512,0.5,True,[ERROR] Failed to run BiShengIR regbase pipeline
triton.language.static_print.ttadapter,0,0.029101,1,False,False,0,False,0,0,0,0,,,4096,4096,512,0.5,True,[ERROR] Failed to run BiShengIR regbase pipeline
triton.language.static_print.ttadapter,1,0.029382,1,False,True,1,False,0,0,0,0,84ceab258f568ecb023a1b1ab60acb7a1c304b7bc0628f4eca92b063cb91d2d1,84ceab258f568ecb023a1b1ab60acb7a1c304b7bc0628f4eca92b063cb91d2d1,4096,4096,512,0.5,True,[ERROR] Failed to run BiShengIR regbase pipeline
triton.language.static_print.ttadapter,2,0.028361,1,False,True,1,False,0,0,0,0,84ceab258f568ecb023a1b1ab60acb7a1c304b7bc0628f4eca92b063cb91d2d1,84ceab258f568ecb023a1b1ab60acb7a1c304b7bc0628f4eca92b063cb91d2d1,4096,4096,512,0.5,True,[ERROR] Failed to run BiShengIR regbase pipeline
triton.language.static_range.ttadapter,0,0.509714,1,False,False,0,False,0,0,0,0,,,32768,32768,4096,4.0,True,[ERROR] Failed to run BiShengIR regbase pipeline
triton.language.static_range.ttadapter,1,0.539398,1,False,True,1,False,0,0,0,0,84ceab258f568ecb023a1b1ab60acb7a1c304b7bc0628f4eca92b063cb91d2d1,84ceab258f568ecb023a1b1ab60acb7a1c304b7bc0628f4eca92b063cb91d2d1,32768,32768,4096,4.0,True,[ERROR] Failed to run BiShengIR regbase pipeline
triton.language.static_range.ttadapter,2,0.602858,1,False,True,1,False,0,0,0,0,84ceab258f568ecb023a1b1ab60acb7a1c304b7bc0628f4eca92b063cb91d2d1,84ceab258f568ecb023a1b1ab60acb7a1c304b7bc0628f4eca92b063cb91d2d1,32768,32768,4096,4.0,True,[ERROR] Failed to run BiShengIR regbase pipeline
triton.language.sum.ttadapter,0,0.033286,1,False,False,0,False,0,0,0,0,,,1280,1280,160,0.15625,True,[ERROR] Failed to run BiShengIR regbase pipeline
triton.language.sum.ttadapter,1,0.035982,1,False,True,1,False,0,0,0,0,84ceab258f568ecb023a1b1ab60acb7a1c304b7bc0628f4eca92b063cb91d2d1,84ceab258f568ecb023a1b1ab60acb7a1c304b7bc0628f4eca92b063cb91d2d1,1280,1280,160,0.15625,True,[ERROR] Failed to run BiShengIR regbase pipeline
triton.language.sum.ttadapter,2,0.035448,1,False,True,1,False,0,0,0,0,84ceab258f568ecb023a1b1ab60acb7a1c304b7bc0628f4eca92b063cb91d2d1,84ceab258f568ecb023a1b1ab60acb7a1c304b7bc0628f4eca92b063cb91d2d1,1280,1280,160,0.15625,True,[ERROR] Failed to run BiShengIR regbase pipeline
triton.language.swizzle2d.ttadapter,0,0.037328,1,False,False,0,False,0,0,0,0,,,512,512,64,0.0625,True,[ERROR] Failed to run BiShengIR regbase pipeline
triton.language.swizzle2d.ttadapter,1,0.038915,1,False,True,1,False,0,0,0,0,84ceab258f568ecb023a1b1ab60acb7a1c304b7bc0628f4eca92b063cb91d2d1,84ceab258f568ecb023a1b1ab60acb7a1c304b7bc0628f4eca92b063cb91d2d1,512,512,64,0.0625,True,[ERROR] Failed to run BiShengIR regbase pipeline
triton.language.swizzle2d.ttadapter,2,0.038556,1,False,True,1,False,0,0,0,0,84ceab258f568ecb023a1b1ab60acb7a1c304b7bc0628f4eca92b063cb91d2d1,84ceab258f568ecb023a1b1ab60acb7a1c304b7bc0628f4eca92b063cb91d2d1,512,512,64,0.0625,True,[ERROR] Failed to run BiShengIR regbase pipeline
triton.language.topk.ttadapter,0,0.131756,1,False,False,0,False,0,0,0,0,,,2816,2816,352,0.34375,True,[ERROR] Failed to run BiShengIR regbase pipeline
triton.language.topk.ttadapter,1,0.1423,1,False,True,1,False,0,0,0,0,84ceab258f568ecb023a1b1ab60acb7a1c304b7bc0628f4eca92b063cb91d2d1,84ceab258f568ecb023a1b1ab60acb7a1c304b7bc0628f4eca92b063cb91d2d1,2816,2816,352,0.34375,True,[ERROR] Failed to run BiShengIR regbase pipeline
triton.language.topk.ttadapter,2,0.132205,1,False,True,1,False,0,0,0,0,84ceab258f568ecb023a1b1ab60acb7a1c304b7bc0628f4eca92b063cb91d2d1,84ceab258f568ecb023a1b1ab60acb7a1c304b7bc0628f4eca92b063cb91d2d1,4352,4352,544,0.53125,True,[ERROR] Failed to run BiShengIR regbase pipeline
triton.language.trans.ttadapter,0,0.03368,1,False,False,0,False,0,0,0,0,,,1536,1536,192,0.1875,True,[ERROR] Failed to run BiShengIR regbase pipeline
triton.language.trans.ttadapter,1,0.035957,1,False,True,1,False,0,0,0,0,84ceab258f568ecb023a1b1ab60acb7a1c304b7bc0628f4eca92b063cb91d2d1,84ceab258f568ecb023a1b1ab60acb7a1c304b7bc0628f4eca92b063cb91d2d1,1536,1536,192,0.1875,True,[ERROR] Failed to run BiShengIR regbase pipeline
triton.language.trans.ttadapter,2,0.036106,1,False,True,1,False,0,0,0,0,84ceab258f568ecb023a1b1ab60acb7a1c304b7bc0628f4eca92b063cb91d2d1,84ceab258f568ecb023a1b1ab60acb7a1c304b7bc0628f4eca92b063cb91d2d1,1536,1536,192,0.1875,True,[ERROR] Failed to run BiShengIR regbase pipeline
triton.language.umulhi.ttadapter,0,0.034171,1,False,False,0,False,0,0,0,0,,,1024,1024,128,0.125,True,[ERROR] Failed to run BiShengIR regbase pipeline
triton.language.umulhi.ttadapter,1,0.033513,1,False,True,1,False,0,0,0,0,84ceab258f568ecb023a1b1ab60acb7a1c304b7bc0628f4eca92b063cb91d2d1,84ceab258f568ecb023a1b1ab60acb7a1c304b7bc0628f4eca92b063cb91d2d1,1024,1024,128,0.125,True,[ERROR] Failed to run BiShengIR regbase pipeline
triton.language.umulhi.ttadapter,2,0.033652,1,False,True,1,False,0,0,0,0,84ceab258f568ecb023a1b1ab60acb7a1c304b7bc0628f4eca92b063cb91d2d1,84ceab258f568ecb023a1b1ab60acb7a1c304b7bc0628f4eca92b063cb91d2d1,1024,1024,128,0.125,True,[ERROR] Failed to run BiShengIR regbase pipeline
triton.language.view.ttadapter,0,0.027888,1,False,False,0,False,0,0,0,0,,,768,768,96,0.09375,True,[ERROR] Failed to run BiShengIR regbase pipeline
triton.language.view.ttadapter,1,0.028094,1,False,True,1,False,0,0,0,0,84ceab258f568ecb023a1b1ab60acb7a1c304b7bc0628f4eca92b063cb91d2d1,84ceab258f568ecb023a1b1ab60acb7a1c304b7bc0628f4eca92b063cb91d2d1,768,768,96,0.09375,True,[ERROR] Failed to run BiShengIR regbase pipeline
triton.language.view.ttadapter,2,0.030094,1,False,True,1,False,0,0,0,0,84ceab258f568ecb023a1b1ab60acb7a1c304b7bc0628f4eca92b063cb91d2d1,84ceab258f568ecb023a1b1ab60acb7a1c304b7bc0628f4eca92b063cb91d2d1,768,768,96,0.09375,True,[ERROR] Failed to run BiShengIR regbase pipeline
triton.language.where.ttadapter,0,0.035235,1,False,False,0,False,0,0,0,0,,,512,512,64,0.0625,True,[ERROR] Failed to run BiShengIR regbase pipeline
triton.language.where.ttadapter,1,0.036753,1,False,True,1,False,0,0,0,0,84ceab258f568ecb023a1b1ab60acb7a1c304b7bc0628f4eca92b063cb91d2d1,84ceab258f568ecb023a1b1ab60acb7a1c304b7bc0628f4eca92b063cb91d2d1,512,512,64,0.0625,True,[ERROR] Failed to run BiShengIR regbase pipeline
triton.language.where.ttadapter,2,0.034899,1,False,True,1,False,0,0,0,0,84ceab258f568ecb023a1b1ab60acb7a1c304b7bc0628f4eca92b063cb91d2d1,84ceab258f568ecb023a1b1ab60acb7a1c304b7bc0628f4eca92b063cb91d2d1,512,512,64,0.0625,True,[ERROR] Failed to run BiShengIR regbase pipeline
triton.language.xor.ttadapter,0,0.03483,1,False,False,0,False,0,0,0,0,,,512,512,64,0.0625,True,[ERROR] Failed to run BiShengIR regbase pipeline
triton.language.xor.ttadapter,1,0.036007,1,False,True,1,False,0,0,0,0,84ceab258f568ecb023a1b1ab60acb7a1c304b7bc0628f4eca92b063cb91d2d1,84ceab258f568ecb023a1b1ab60acb7a1c304b7bc0628f4eca92b063cb91d2d1,512,512,64,0.0625,True,[ERROR] Failed to run BiShengIR regbase pipeline
triton.language.xor.ttadapter,2,0.034501,1,False,True,1,False,0,0,0,0,84ceab258f568ecb023a1b1ab60acb7a1c304b7bc0628f4eca92b063cb91d2d1,84ceab258f568ecb023a1b1ab60acb7a1c304b7bc0628f4eca92b063cb91d2d1,512,512,64,0.0625,True,[ERROR] Failed to run BiShengIR regbase pipeline
triton.language.xor_sum.ttadapter,0,0.032076,1,False,False,0,False,0,0,0,0,,,1280,1280,160,0.15625,True,[ERROR] Failed to run BiShengIR regbase pipeline
triton.language.xor_sum.ttadapter,1,0.036371,1,False,True,1,False,0,0,0,0,84ceab258f568ecb023a1b1ab60acb7a1c304b7bc0628f4eca92b063cb91d2d1,84ceab258f568ecb023a1b1ab60acb7a1c304b7bc0628f4eca92b063cb91d2d1,1280,1280,160,0.15625,True,[ERROR] Failed to run BiShengIR regbase pipeline
triton.language.xor_sum.ttadapter,2,0.036085,1,False,True,1,False,0,0,0,0,84ceab258f568ecb023a1b1ab60acb7a1c304b7bc0628f4eca92b063cb91d2d1,84ceab258f568ecb023a1b1ab60acb7a1c304b7bc0628f4eca92b063cb91d2d1,1280,1280,160,0.15625,True,[ERROR] Failed to run BiShengIR regbase pipeline
triton.language.zeros.ttadapter,0,0.031124,1,False,False,0,False,0,0,0,0,,,1024,1024,128,0.125,True,[ERROR] Failed to run BiShengIR regbase pipeline
triton.language.zeros.ttadapter,1,0.031344,1,False,True,1,False,0,0,0,0,84ceab258f568ecb023a1b1ab60acb7a1c304b7bc0628f4eca92b063cb91d2d1,84ceab258f568ecb023a1b1ab60acb7a1c304b7bc0628f4eca92b063cb91d2d1,1024,1024,128,0.125,True,[ERROR] Failed to run BiShengIR regbase pipeline
triton.language.zeros.ttadapter,2,0.032169,1,False,True,1,False,0,0,0,0,84ceab258f568ecb023a1b1ab60acb7a1c304b7bc0628f4eca92b063cb91d2d1,84ceab258f568ecb023a1b1ab60acb7a1c304b7bc0628f4eca92b063cb91d2d1,1024,1024,128,0.125,True,[ERROR] Failed to run BiShengIR regbase pipeline
triton.language.zeros_like.ttadapter,0,0.03142,1,False,False,0,False,0,0,0,0,,,1024,1024,128,0.125,True,[ERROR] Failed to run BiShengIR regbase pipeline
triton.language.zeros_like.ttadapter,1,0.030749,1,False,True,1,False,0,0,0,0,84ceab258f568ecb023a1b1ab60acb7a1c304b7bc0628f4eca92b063cb91d2d1,84ceab258f568ecb023a1b1ab60acb7a1c304b7bc0628f4eca92b063cb91d2d1,1024,1024,128,0.125,True,[ERROR] Failed to run BiShengIR regbase pipeline
triton.language.zeros_like.ttadapter,2,0.030443,1,False,True,1,False,0,0,0,0,84ceab258f568ecb023a1b1ab60acb7a1c304b7bc0628f4eca92b063cb91d2d1,84ceab258f568ecb023a1b1ab60acb7a1c304b7bc0628f4eca92b063cb91d2d1,1024,1024,128,0.125,True,[ERROR] Failed to run BiShengIR regbase pipeline
triton_hivm_launch_smoke.ttadapter,0,0.04378,1,False,False,0,False,0,0,0,0,,,65536,65536,8192,8.0,True,[ERROR] Failed to run BiShengIR regbase pipeline
triton_hivm_launch_smoke.ttadapter,1,0.046663,1,False,True,1,False,0,0,0,0,84ceab258f568ecb023a1b1ab60acb7a1c304b7bc0628f4eca92b063cb91d2d1,84ceab258f568ecb023a1b1ab60acb7a1c304b7bc0628f4eca92b063cb91d2d1,65536,65536,8192,8.0,True,[ERROR] Failed to run BiShengIR regbase pipeline
triton_hivm_launch_smoke.ttadapter,2,0.045902,1,False,True,1,False,0,0,0,0,84ceab258f568ecb023a1b1ab60acb7a1c304b7bc0628f4eca92b063cb91d2d1,84ceab258f568ecb023a1b1ab60acb7a1c304b7bc0628f4eca92b063cb91d2d1,65536,65536,8192,8.0,True,[ERROR] Failed to run BiShengIR regbase pipeline
vector_add_2x_bench.ttadapter,0,0.042518,1,False,False,0,False,0,0,0,0,,,131072,131072,16384,16.0,True,[ERROR] Failed to run BiShengIR regbase pipeline
vector_add_2x_bench.ttadapter,1,0.046125,1,False,True,1,False,0,0,0,0,84ceab258f568ecb023a1b1ab60acb7a1c304b7bc0628f4eca92b063cb91d2d1,84ceab258f568ecb023a1b1ab60acb7a1c304b7bc0628f4eca92b063cb91d2d1,131072,131072,16384,16.0,True,[ERROR] Failed to run BiShengIR regbase pipeline
vector_add_2x_bench.ttadapter,2,0.045831,1,False,True,1,False,0,0,0,0,84ceab258f568ecb023a1b1ab60acb7a1c304b7bc0628f4eca92b063cb91d2d1,84ceab258f568ecb023a1b1ab60acb7a1c304b7bc0628f4eca92b063cb91d2d1,131072,131072,16384,16.0,True,[ERROR] Failed to run BiShengIR regbase pipeline
vv_layernorm_2048.ttadapter,0,0.102811,1,False,False,0,False,0,0,0,0,,,656896,656896,82112,80.1875,True,[ERROR] Failed to run BiShengIR regbase pipeline
vv_layernorm_2048.ttadapter,1,0.109307,1,False,True,1,False,0,0,0,0,84ceab258f568ecb023a1b1ab60acb7a1c304b7bc0628f4eca92b063cb91d2d1,84ceab258f568ecb023a1b1ab60acb7a1c304b7bc0628f4eca92b063cb91d2d1,656896,656896,82112,80.1875,True,[ERROR] Failed to run BiShengIR regbase pipeline
vv_layernorm_2048.ttadapter,2,0.108977,1,False,True,1,False,0,0,0,0,84ceab258f568ecb023a1b1ab60acb7a1c304b7bc0628f4eca92b063cb91d2d1,84ceab258f568ecb023a1b1ab60acb7a1c304b7bc0628f4eca92b063cb91d2d1,656896,656896,82112,80.1875,True,[ERROR] Failed to run BiShengIR regbase pipeline
vv_layernorm_4096.ttadapter,0,0.102868,1,False,False,0,False,0,0,0,0,,,1312256,1312256,164032,160.1875,True,[ERROR] Failed to run BiShengIR regbase pipeline
vv_layernorm_4096.ttadapter,1,0.110925,1,False,True,1,False,0,0,0,0,84ceab258f568ecb023a1b1ab60acb7a1c304b7bc0628f4eca92b063cb91d2d1,84ceab258f568ecb023a1b1ab60acb7a1c304b7bc0628f4eca92b063cb91d2d1,1312256,1312256,164032,160.1875,True,[ERROR] Failed to run BiShengIR regbase pipeline
vv_layernorm_4096.ttadapter,2,0.108529,1,False,True,1,False,0,0,0,0,84ceab258f568ecb023a1b1ab60acb7a1c304b7bc0628f4eca92b063cb91d2d1,84ceab258f568ecb023a1b1ab60acb7a1c304b7bc0628f4eca92b063cb91d2d1,1312256,1312256,164032,160.1875,True,[ERROR] Failed to run BiShengIR regbase pipeline
vv_layernorm_8192.ttadapter,0,0.103664,1,False,False,0,False,0,0,0,0,,,1835520,1835520,229440,224.0625,True,[ERROR] Failed to run BiShengIR regbase pipeline
vv_layernorm_8192.ttadapter,1,0.109651,1,False,True,1,False,0,0,0,0,84ceab258f568ecb023a1b1ab60acb7a1c304b7bc0628f4eca92b063cb91d2d1,84ceab258f568ecb023a1b1ab60acb7a1c304b7bc0628f4eca92b063cb91d2d1,1835520,1835520,229440,224.0625,True,[ERROR] Failed to run BiShengIR regbase pipeline
vv_layernorm_8192.ttadapter,2,0.110425,1,False,True,1,False,0,0,0,0,84ceab258f568ecb023a1b1ab60acb7a1c304b7bc0628f4eca92b063cb91d2d1,84ceab258f568ecb023a1b1ab60acb7a1c304b7bc0628f4eca92b063cb91d2d1,1835520,1835520,229440,224.0625,True,[ERROR] Failed to run BiShengIR regbase pipeline
vv_softmax_8192.ttadapter,0,0.053183,1,False,False,0,False,0,0,0,0,,,524800,524800,65600,64.0625,True,[ERROR] Failed to run BiShengIR regbase pipeline
vv_softmax_8192.ttadapter,1,0.058263,1,False,True,1,False,0,0,0,0,84ceab258f568ecb023a1b1ab60acb7a1c304b7bc0628f4eca92b063cb91d2d1,84ceab258f568ecb023a1b1ab60acb7a1c304b7bc0628f4eca92b063cb91d2d1,524800,524800,65600,64.0625,True,[ERROR] Failed to run BiShengIR regbase pipeline
vv_softmax_8192.ttadapter,2,0.05493,1,False,True,1,False,0,0,0,0,84ceab258f568ecb023a1b1ab60acb7a1c304b7bc0628f4eca92b063cb91d2d1,84ceab258f568ecb023a1b1ab60acb7a1c304b7bc0628f4eca92b063cb91d2d1,786944,786944,98368,96.0625,True,[ERROR] Failed to run BiShengIR regbase pipeline
vv_vector_add_8192.ttadapter,0,0.043031,1,False,False,0,False,0,0,0,0,,,524288,524288,65536,64.0,True,[ERROR] Failed to run BiShengIR regbase pipeline
vv_vector_add_8192.ttadapter,1,0.045058,1,False,True,1,False,0,0,0,0,84ceab258f568ecb023a1b1ab60acb7a1c304b7bc0628f4eca92b063cb91d2d1,84ceab258f568ecb023a1b1ab60acb7a1c304b7bc0628f4eca92b063cb91d2d1,524288,524288,65536,64.0,True,[ERROR] Failed to run BiShengIR regbase pipeline
vv_vector_add_8192.ttadapter,2,0.042543,1,False,True,1,False,0,0,0,0,84ceab258f568ecb023a1b1ab60acb7a1c304b7bc0628f4eca92b063cb91d2d1,84ceab258f568ecb023a1b1ab60acb7a1c304b7bc0628f4eca92b063cb91d2d1,524288,524288,65536,64.0,True,[ERROR] Failed to run BiShengIR regbase pipeline
